TimeQuest Timing Analyzer report for I2C
Fri Oct 31 19:09:04 2025
Quartus II 64-Bit Version 13.0.1 Build 232 06/12/2013 Service Pack 1 SJ Web Edition


---------------------
; Table of Contents ;
---------------------
  1. Legal Notice
  2. TimeQuest Timing Analyzer Summary
  3. Parallel Compilation
  4. Clocks
  5. Slow 1200mV 85C Model Fmax Summary
  6. Timing Closure Recommendations
  7. Slow 1200mV 85C Model Setup Summary
  8. Slow 1200mV 85C Model Hold Summary
  9. Slow 1200mV 85C Model Recovery Summary
 10. Slow 1200mV 85C Model Removal Summary
 11. Slow 1200mV 85C Model Minimum Pulse Width Summary
 12. Slow 1200mV 85C Model Setup: 'scl'
 13. Slow 1200mV 85C Model Hold: 'scl'
 14. Slow 1200mV 85C Model Recovery: 'scl'
 15. Slow 1200mV 85C Model Removal: 'scl'
 16. Slow 1200mV 85C Model Minimum Pulse Width: 'scl'
 17. Setup Times
 18. Hold Times
 19. Clock to Output Times
 20. Minimum Clock to Output Times
 21. Propagation Delay
 22. Minimum Propagation Delay
 23. Output Enable Times
 24. Minimum Output Enable Times
 25. Output Disable Times
 26. Minimum Output Disable Times
 27. Slow 1200mV 85C Model Metastability Report
 28. Slow 1200mV 0C Model Fmax Summary
 29. Slow 1200mV 0C Model Setup Summary
 30. Slow 1200mV 0C Model Hold Summary
 31. Slow 1200mV 0C Model Recovery Summary
 32. Slow 1200mV 0C Model Removal Summary
 33. Slow 1200mV 0C Model Minimum Pulse Width Summary
 34. Slow 1200mV 0C Model Setup: 'scl'
 35. Slow 1200mV 0C Model Hold: 'scl'
 36. Slow 1200mV 0C Model Recovery: 'scl'
 37. Slow 1200mV 0C Model Removal: 'scl'
 38. Slow 1200mV 0C Model Minimum Pulse Width: 'scl'
 39. Setup Times
 40. Hold Times
 41. Clock to Output Times
 42. Minimum Clock to Output Times
 43. Propagation Delay
 44. Minimum Propagation Delay
 45. Output Enable Times
 46. Minimum Output Enable Times
 47. Output Disable Times
 48. Minimum Output Disable Times
 49. Slow 1200mV 0C Model Metastability Report
 50. Fast 1200mV 0C Model Setup Summary
 51. Fast 1200mV 0C Model Hold Summary
 52. Fast 1200mV 0C Model Recovery Summary
 53. Fast 1200mV 0C Model Removal Summary
 54. Fast 1200mV 0C Model Minimum Pulse Width Summary
 55. Fast 1200mV 0C Model Setup: 'scl'
 56. Fast 1200mV 0C Model Hold: 'scl'
 57. Fast 1200mV 0C Model Recovery: 'scl'
 58. Fast 1200mV 0C Model Removal: 'scl'
 59. Fast 1200mV 0C Model Minimum Pulse Width: 'scl'
 60. Setup Times
 61. Hold Times
 62. Clock to Output Times
 63. Minimum Clock to Output Times
 64. Propagation Delay
 65. Minimum Propagation Delay
 66. Output Enable Times
 67. Minimum Output Enable Times
 68. Output Disable Times
 69. Minimum Output Disable Times
 70. Fast 1200mV 0C Model Metastability Report
 71. Multicorner Timing Analysis Summary
 72. Setup Times
 73. Hold Times
 74. Clock to Output Times
 75. Minimum Clock to Output Times
 76. Progagation Delay
 77. Minimum Progagation Delay
 78. Board Trace Model Assignments
 79. Input Transition Times
 80. Slow Corner Signal Integrity Metrics
 81. Fast Corner Signal Integrity Metrics
 82. Setup Transfers
 83. Hold Transfers
 84. Recovery Transfers
 85. Removal Transfers
 86. Report TCCS
 87. Report RSKM
 88. Unconstrained Paths
 89. TimeQuest Timing Analyzer Messages



----------------
; Legal Notice ;
----------------
Copyright (C) 1991-2013 Altera Corporation
Your use of Altera Corporation's design tools, logic functions 
and other software and tools, and its AMPP partner logic 
functions, and any output files from any of the foregoing 
(including device programming or simulation files), and any 
associated documentation or information are expressly subject 
to the terms and conditions of the Altera Program License 
Subscription Agreement, Altera MegaCore Function License 
Agreement, or other applicable license agreement, including, 
without limitation, that your use is for the sole purpose of 
programming logic devices manufactured by Altera and sold by 
Altera or its authorized distributors.  Please refer to the 
applicable agreement for further details.



+----------------------------------------------------------------------------------------+
; TimeQuest Timing Analyzer Summary                                                      ;
+--------------------+-------------------------------------------------------------------+
; Quartus II Version ; Version 13.0.1 Build 232 06/12/2013 Service Pack 1 SJ Web Edition ;
; Revision Name      ; I2C                                                               ;
; Device Family      ; Cyclone III                                                       ;
; Device Name        ; EP3C120F780C7                                                     ;
; Timing Models      ; Final                                                             ;
; Delay Model        ; Combined                                                          ;
; Rise/Fall Delays   ; Enabled                                                           ;
+--------------------+-------------------------------------------------------------------+


Parallel compilation was disabled, but you have multiple processors available. Enable parallel compilation to reduce compilation time.
+-------------------------------------+
; Parallel Compilation                ;
+----------------------------+--------+
; Processors                 ; Number ;
+----------------------------+--------+
; Number detected on machine ; 2      ;
; Maximum allowed            ; 1      ;
+----------------------------+--------+


+---------------------------------------------------------------------------------------------------------------------------------------------------------------------------------+
; Clocks                                                                                                                                                                          ;
+------------+------+--------+------------+-------+-------+------------+-----------+-------------+-------+--------+-----------+------------+----------+--------+--------+---------+
; Clock Name ; Type ; Period ; Frequency  ; Rise  ; Fall  ; Duty Cycle ; Divide by ; Multiply by ; Phase ; Offset ; Edge List ; Edge Shift ; Inverted ; Master ; Source ; Targets ;
+------------+------+--------+------------+-------+-------+------------+-----------+-------------+-------+--------+-----------+------------+----------+--------+--------+---------+
; scl        ; Base ; 1.000  ; 1000.0 MHz ; 0.000 ; 0.500 ;            ;           ;             ;       ;        ;           ;            ;          ;        ;        ; { scl } ;
+------------+------+--------+------------+-------+-------+------------+-----------+-------------+-------+--------+-----------+------------+----------+--------+--------+---------+


+-----------------------------------------------------------------------------------------------------------+
; Slow 1200mV 85C Model Fmax Summary                                                                        ;
+------------+-----------------+------------+---------------------------------------------------------------+
; Fmax       ; Restricted Fmax ; Clock Name ; Note                                                          ;
+------------+-----------------+------------+---------------------------------------------------------------+
; 279.49 MHz ; 250.0 MHz       ; scl        ; limit due to minimum period restriction (max I/O toggle rate) ;
+------------+-----------------+------------+---------------------------------------------------------------+
This panel reports FMAX for every clock in the design, regardless of the user-specified clock periods.  FMAX is only computed for paths where the source and destination registers or ports are driven by the same clock.  Paths of different clocks, including generated clocks, are ignored.  For paths between a clock and its inversion, FMAX is computed as if the rising and falling edges are scaled along with FMAX, such that the duty cycle (in terms of a percentage) is maintained. Altera recommends that you always use clock constraints and other slack reports for sign-off analysis.


----------------------------------
; Timing Closure Recommendations ;
----------------------------------
HTML report is unavailable in plain text report export.


+-------------------------------------+
; Slow 1200mV 85C Model Setup Summary ;
+-------+--------+--------------------+
; Clock ; Slack  ; End Point TNS      ;
+-------+--------+--------------------+
; scl   ; -2.578 ; -12.218            ;
+-------+--------+--------------------+


+------------------------------------+
; Slow 1200mV 85C Model Hold Summary ;
+-------+-------+--------------------+
; Clock ; Slack ; End Point TNS      ;
+-------+-------+--------------------+
; scl   ; 0.402 ; 0.000              ;
+-------+-------+--------------------+


+----------------------------------------+
; Slow 1200mV 85C Model Recovery Summary ;
+-------+-------+------------------------+
; Clock ; Slack ; End Point TNS          ;
+-------+-------+------------------------+
; scl   ; 0.323 ; 0.000                  ;
+-------+-------+------------------------+


+---------------------------------------+
; Slow 1200mV 85C Model Removal Summary ;
+-------+--------+----------------------+
; Clock ; Slack  ; End Point TNS        ;
+-------+--------+----------------------+
; scl   ; -0.285 ; -1.140               ;
+-------+--------+----------------------+


+---------------------------------------------------+
; Slow 1200mV 85C Model Minimum Pulse Width Summary ;
+-------+--------+----------------------------------+
; Clock ; Slack  ; End Point TNS                    ;
+-------+--------+----------------------------------+
; scl   ; -3.000 ; -40.265                          ;
+-------+--------+----------------------------------+


+--------------------------------------------------------------------------------------------------------------------------------------------+
; Slow 1200mV 85C Model Setup: 'scl'                                                                                                         ;
+--------+------------------------------+------------------------------+--------------+-------------+--------------+------------+------------+
; Slack  ; From Node                    ; To Node                      ; Launch Clock ; Latch Clock ; Relationship ; Clock Skew ; Data Delay ;
+--------+------------------------------+------------------------------+--------------+-------------+--------------+------------+------------+
; -2.578 ; contM7:inst1|findir          ; I2C:inst|fstate.Guardar_dir  ; scl          ; scl         ; 1.000        ; -2.393     ; 1.183      ;
; -2.455 ; regsp7b:inst4|inst3          ; I2C:inst|fstate.RW           ; scl          ; scl         ; 1.000        ; -1.390     ; 2.063      ;
; -2.452 ; regsp7b:inst4|inst3          ; I2C:inst|fstate.Oscioso      ; scl          ; scl         ; 1.000        ; -1.390     ; 2.060      ;
; -2.445 ; regsp7b:inst4|inst2          ; I2C:inst|fstate.RW           ; scl          ; scl         ; 1.000        ; -1.390     ; 2.053      ;
; -2.442 ; regsp7b:inst4|inst2          ; I2C:inst|fstate.Oscioso      ; scl          ; scl         ; 1.000        ; -1.390     ; 2.050      ;
; -2.290 ; regsp7b:inst4|inst4          ; I2C:inst|fstate.RW           ; scl          ; scl         ; 1.000        ; -1.390     ; 1.898      ;
; -2.287 ; regsp7b:inst4|inst4          ; I2C:inst|fstate.Oscioso      ; scl          ; scl         ; 1.000        ; -1.390     ; 1.895      ;
; -2.279 ; contM7:inst1|findir          ; I2C:inst|fstate.Oscioso      ; scl          ; scl         ; 1.000        ; -1.392     ; 1.885      ;
; -2.271 ; regsp7b:inst4|inst1          ; I2C:inst|fstate.RW           ; scl          ; scl         ; 1.000        ; -1.390     ; 1.879      ;
; -2.268 ; regsp7b:inst4|inst1          ; I2C:inst|fstate.Oscioso      ; scl          ; scl         ; 1.000        ; -1.390     ; 1.876      ;
; -2.126 ; regsp7b:inst4|inst           ; I2C:inst|fstate.RW           ; scl          ; scl         ; 1.000        ; -1.390     ; 1.734      ;
; -2.123 ; regsp7b:inst4|inst5          ; I2C:inst|fstate.RW           ; scl          ; scl         ; 1.000        ; -1.390     ; 1.731      ;
; -2.123 ; regsp7b:inst4|inst           ; I2C:inst|fstate.Oscioso      ; scl          ; scl         ; 1.000        ; -1.390     ; 1.731      ;
; -2.120 ; regsp7b:inst4|inst5          ; I2C:inst|fstate.Oscioso      ; scl          ; scl         ; 1.000        ; -1.390     ; 1.728      ;
; -1.975 ; I2C:inst|fstate.Oscioso      ; I2C:inst|fstate.Guardar_dir  ; scl          ; scl         ; 1.000        ; -1.115     ; 1.858      ;
; -1.963 ; regsp7b:inst4|inst6          ; I2C:inst|fstate.RW           ; scl          ; scl         ; 1.000        ; -1.390     ; 1.571      ;
; -1.961 ; regsp7b:inst4|inst6          ; I2C:inst|fstate.Oscioso      ; scl          ; scl         ; 1.000        ; -1.390     ; 1.569      ;
; -1.911 ; contM8:inst7|findato         ; I2C:inst|fstate.Guardar_dato ; scl          ; scl         ; 1.000        ; -2.098     ; 0.811      ;
; -1.828 ; contM7:inst1|findir          ; I2C:inst|fstate.RW           ; scl          ; scl         ; 1.000        ; -1.392     ; 1.434      ;
; -1.805 ; contM8:inst7|findato         ; I2C:inst|fstate.Oscioso      ; scl          ; scl         ; 1.000        ; -1.068     ; 1.735      ;
; -1.798 ; I2C:inst|fstate.AK           ; I2C:inst|fstate.Guardar_dato ; scl          ; scl         ; 1.000        ; -1.144     ; 1.652      ;
; -1.308 ; I2C:inst|fstate.Oscioso      ; I2C:inst|fstate.Oscioso      ; scl          ; scl         ; 1.000        ; -0.082     ; 2.224      ;
; -0.587 ; I2C:inst|fstate.Guardar_dir  ; I2C:inst|fstate.Guardar_dir  ; scl          ; scl         ; 1.000        ; -0.071     ; 1.514      ;
; -0.564 ; I2C:inst|fstate.RW           ; I2C:inst|fstate.AK           ; scl          ; scl         ; 1.000        ; -0.082     ; 1.480      ;
; -0.367 ; contM8:inst7|count[0]        ; contM8:inst7|count[3]        ; scl          ; scl         ; 1.000        ; -0.081     ; 1.284      ;
; -0.286 ; I2C:inst|fstate.Guardar_dir  ; I2C:inst|fstate.Oscioso      ; scl          ; scl         ; 1.000        ; 0.928      ; 2.212      ;
; -0.275 ; contM8:inst7|count[1]        ; contM8:inst7|findato         ; scl          ; scl         ; 1.000        ; -0.081     ; 1.192      ;
; -0.273 ; contM7:inst1|count[0]        ; contM7:inst1|count[1]        ; scl          ; scl         ; 1.000        ; -0.081     ; 1.190      ;
; -0.232 ; regsp7b:inst4|inst1          ; regsp7b:inst4|inst2          ; scl          ; scl         ; 1.000        ; -0.081     ; 1.149      ;
; -0.229 ; contM8:inst7|count[1]        ; contM8:inst7|count[3]        ; scl          ; scl         ; 1.000        ; -0.081     ; 1.146      ;
; -0.228 ; contM8:inst7|count[3]        ; contM8:inst7|findato         ; scl          ; scl         ; 1.000        ; -0.081     ; 1.145      ;
; -0.221 ; contM8:inst7|count[1]        ; contM8:inst7|count[2]        ; scl          ; scl         ; 1.000        ; -0.081     ; 1.138      ;
; -0.216 ; I2C:inst|fstate.Guardar_dato ; I2C:inst|fstate.Oscioso      ; scl          ; scl         ; 1.000        ; 0.959      ; 2.173      ;
; -0.205 ; contM7:inst1|count[0]        ; contM7:inst1|count[2]        ; scl          ; scl         ; 1.000        ; -0.081     ; 1.122      ;
; -0.191 ; contM8:inst7|count[1]        ; contM8:inst7|count[0]        ; scl          ; scl         ; 1.000        ; -0.081     ; 1.108      ;
; -0.177 ; contM7:inst1|count[1]        ; contM7:inst1|findir          ; scl          ; scl         ; 1.000        ; -0.081     ; 1.094      ;
; -0.170 ; contM8:inst7|count[2]        ; contM8:inst7|count[0]        ; scl          ; scl         ; 1.000        ; -0.081     ; 1.087      ;
; -0.093 ; contM8:inst7|count[0]        ; contM8:inst7|count[2]        ; scl          ; scl         ; 1.000        ; -0.081     ; 1.010      ;
; -0.090 ; contM8:inst7|count[0]        ; contM8:inst7|count[1]        ; scl          ; scl         ; 1.000        ; -0.081     ; 1.007      ;
; -0.087 ; contM7:inst1|count[0]        ; contM7:inst1|findir          ; scl          ; scl         ; 1.000        ; -0.081     ; 1.004      ;
; -0.086 ; regsp7b:inst4|inst3          ; regsp7b:inst4|inst4          ; scl          ; scl         ; 1.000        ; -0.081     ; 1.003      ;
; -0.072 ; I2C:inst|fstate.Guardar_dir  ; I2C:inst|fstate.RW           ; scl          ; scl         ; 1.000        ; 0.928      ; 1.998      ;
; -0.071 ; regsp7b:inst4|inst2          ; regsp7b:inst4|inst3          ; scl          ; scl         ; 1.000        ; -0.081     ; 0.988      ;
; -0.070 ; regsp7b:inst4|inst           ; regsp7b:inst4|inst1          ; scl          ; scl         ; 1.000        ; -0.081     ; 0.987      ;
; -0.043 ; contM8:inst7|count[0]        ; contM8:inst7|findato         ; scl          ; scl         ; 1.000        ; -0.081     ; 0.960      ;
; 0.070  ; contM8:inst7|count[2]        ; contM8:inst7|count[3]        ; scl          ; scl         ; 1.000        ; -0.081     ; 0.847      ;
; 0.073  ; contM8:inst7|count[2]        ; contM8:inst7|findato         ; scl          ; scl         ; 1.000        ; -0.081     ; 0.844      ;
; 0.084  ; contM7:inst1|count[1]        ; contM7:inst1|count[2]        ; scl          ; scl         ; 1.000        ; -0.081     ; 0.833      ;
; 0.084  ; contM8:inst7|count[3]        ; contM8:inst7|count[0]        ; scl          ; scl         ; 1.000        ; -0.081     ; 0.833      ;
; 0.093  ; regsp7b:inst4|inst5          ; regsp7b:inst4|inst6          ; scl          ; scl         ; 1.000        ; -0.081     ; 0.824      ;
; 0.094  ; regsp7b:inst4|inst4          ; regsp7b:inst4|inst5          ; scl          ; scl         ; 1.000        ; -0.081     ; 0.823      ;
; 0.105  ; contM7:inst1|count[2]        ; contM7:inst1|findir          ; scl          ; scl         ; 1.000        ; -0.081     ; 0.812      ;
; 0.105  ; regsp8b:inst3|inst21         ; regsp8b:inst3|inst22         ; scl          ; scl         ; 1.000        ; -0.080     ; 0.813      ;
; 0.105  ; regsp8b:inst3|inst25         ; regsp8b:inst3|inst26         ; scl          ; scl         ; 1.000        ; -0.080     ; 0.813      ;
; 0.106  ; regsp8b:inst3|inst20         ; regsp8b:inst3|inst21         ; scl          ; scl         ; 1.000        ; -0.080     ; 0.812      ;
; 0.106  ; regsp8b:inst3|inst24         ; regsp8b:inst3|inst25         ; scl          ; scl         ; 1.000        ; -0.080     ; 0.812      ;
; 0.107  ; regsp8b:inst3|inst22         ; regsp8b:inst3|inst23         ; scl          ; scl         ; 1.000        ; -0.080     ; 0.811      ;
; 0.107  ; regsp8b:inst3|inst23         ; regsp8b:inst3|inst24         ; scl          ; scl         ; 1.000        ; -0.080     ; 0.811      ;
; 0.107  ; regsp8b:inst3|inst26         ; regsp8b:inst3|inst27         ; scl          ; scl         ; 1.000        ; -0.080     ; 0.811      ;
; 0.152  ; contM7:inst1|count[0]        ; contM7:inst1|count[0]        ; scl          ; scl         ; 1.000        ; -0.081     ; 0.765      ;
; 0.152  ; contM7:inst1|count[1]        ; contM7:inst1|count[1]        ; scl          ; scl         ; 1.000        ; -0.081     ; 0.765      ;
; 0.152  ; contM7:inst1|count[2]        ; contM7:inst1|count[2]        ; scl          ; scl         ; 1.000        ; -0.081     ; 0.765      ;
; 0.152  ; contM8:inst7|count[3]        ; contM8:inst7|count[3]        ; scl          ; scl         ; 1.000        ; -0.081     ; 0.765      ;
; 0.152  ; contM8:inst7|count[2]        ; contM8:inst7|count[2]        ; scl          ; scl         ; 1.000        ; -0.081     ; 0.765      ;
; 0.152  ; contM8:inst7|count[0]        ; contM8:inst7|count[0]        ; scl          ; scl         ; 1.000        ; -0.081     ; 0.765      ;
; 0.152  ; contM8:inst7|count[1]        ; contM8:inst7|count[1]        ; scl          ; scl         ; 1.000        ; -0.081     ; 0.765      ;
; 0.221  ; I2C:inst|fstate.Guardar_dato ; I2C:inst|fstate.Guardar_dato ; scl          ; scl         ; 1.000        ; -0.043     ; 0.734      ;
+--------+------------------------------+------------------------------+--------------+-------------+--------------+------------+------------+


+-------------------------------------------------------------------------------------------------------------------------------------------+
; Slow 1200mV 85C Model Hold: 'scl'                                                                                                         ;
+-------+------------------------------+------------------------------+--------------+-------------+--------------+------------+------------+
; Slack ; From Node                    ; To Node                      ; Launch Clock ; Latch Clock ; Relationship ; Clock Skew ; Data Delay ;
+-------+------------------------------+------------------------------+--------------+-------------+--------------+------------+------------+
; 0.402 ; contM7:inst1|count[1]        ; contM7:inst1|count[1]        ; scl          ; scl         ; 0.000        ; 0.081      ; 0.669      ;
; 0.402 ; contM7:inst1|count[2]        ; contM7:inst1|count[2]        ; scl          ; scl         ; 0.000        ; 0.081      ; 0.669      ;
; 0.402 ; contM8:inst7|count[1]        ; contM8:inst7|count[1]        ; scl          ; scl         ; 0.000        ; 0.081      ; 0.669      ;
; 0.402 ; contM8:inst7|count[3]        ; contM8:inst7|count[3]        ; scl          ; scl         ; 0.000        ; 0.081      ; 0.669      ;
; 0.402 ; contM8:inst7|count[2]        ; contM8:inst7|count[2]        ; scl          ; scl         ; 0.000        ; 0.081      ; 0.669      ;
; 0.407 ; contM7:inst1|count[0]        ; contM7:inst1|count[0]        ; scl          ; scl         ; 0.000        ; 0.081      ; 0.674      ;
; 0.407 ; contM8:inst7|count[0]        ; contM8:inst7|count[0]        ; scl          ; scl         ; 0.000        ; 0.081      ; 0.674      ;
; 0.440 ; I2C:inst|fstate.Guardar_dato ; I2C:inst|fstate.Guardar_dato ; scl          ; scl         ; 0.000        ; 0.043      ; 0.669      ;
; 0.448 ; contM8:inst7|count[3]        ; contM8:inst7|count[0]        ; scl          ; scl         ; 0.000        ; 0.081      ; 0.715      ;
; 0.449 ; contM7:inst1|count[1]        ; contM7:inst1|count[2]        ; scl          ; scl         ; 0.000        ; 0.081      ; 0.716      ;
; 0.450 ; regsp8b:inst3|inst22         ; regsp8b:inst3|inst23         ; scl          ; scl         ; 0.000        ; 0.080      ; 0.716      ;
; 0.450 ; regsp8b:inst3|inst23         ; regsp8b:inst3|inst24         ; scl          ; scl         ; 0.000        ; 0.080      ; 0.716      ;
; 0.451 ; contM7:inst1|count[2]        ; contM7:inst1|findir          ; scl          ; scl         ; 0.000        ; 0.081      ; 0.718      ;
; 0.451 ; regsp8b:inst3|inst24         ; regsp8b:inst3|inst25         ; scl          ; scl         ; 0.000        ; 0.080      ; 0.717      ;
; 0.451 ; regsp8b:inst3|inst25         ; regsp8b:inst3|inst26         ; scl          ; scl         ; 0.000        ; 0.080      ; 0.717      ;
; 0.451 ; regsp8b:inst3|inst26         ; regsp8b:inst3|inst27         ; scl          ; scl         ; 0.000        ; 0.080      ; 0.717      ;
; 0.452 ; regsp8b:inst3|inst20         ; regsp8b:inst3|inst21         ; scl          ; scl         ; 0.000        ; 0.080      ; 0.718      ;
; 0.452 ; regsp8b:inst3|inst21         ; regsp8b:inst3|inst22         ; scl          ; scl         ; 0.000        ; 0.080      ; 0.718      ;
; 0.457 ; regsp7b:inst4|inst4          ; regsp7b:inst4|inst5          ; scl          ; scl         ; 0.000        ; 0.081      ; 0.724      ;
; 0.457 ; contM8:inst7|count[2]        ; contM8:inst7|findato         ; scl          ; scl         ; 0.000        ; 0.081      ; 0.724      ;
; 0.458 ; regsp7b:inst4|inst5          ; regsp7b:inst4|inst6          ; scl          ; scl         ; 0.000        ; 0.081      ; 0.725      ;
; 0.458 ; contM8:inst7|count[2]        ; contM8:inst7|count[3]        ; scl          ; scl         ; 0.000        ; 0.081      ; 0.725      ;
; 0.581 ; regsp7b:inst4|inst           ; regsp7b:inst4|inst1          ; scl          ; scl         ; 0.000        ; 0.081      ; 0.848      ;
; 0.583 ; regsp7b:inst4|inst2          ; regsp7b:inst4|inst3          ; scl          ; scl         ; 0.000        ; 0.081      ; 0.850      ;
; 0.585 ; contM8:inst7|count[0]        ; contM8:inst7|findato         ; scl          ; scl         ; 0.000        ; 0.081      ; 0.852      ;
; 0.590 ; contM7:inst1|count[0]        ; contM7:inst1|findir          ; scl          ; scl         ; 0.000        ; 0.081      ; 0.857      ;
; 0.596 ; I2C:inst|fstate.Guardar_dir  ; I2C:inst|fstate.RW           ; scl          ; scl         ; 0.000        ; 1.115      ; 1.897      ;
; 0.628 ; regsp7b:inst4|inst3          ; regsp7b:inst4|inst4          ; scl          ; scl         ; 0.000        ; 0.081      ; 0.895      ;
; 0.644 ; contM8:inst7|count[0]        ; contM8:inst7|count[1]        ; scl          ; scl         ; 0.000        ; 0.081      ; 0.911      ;
; 0.645 ; contM8:inst7|count[0]        ; contM8:inst7|count[2]        ; scl          ; scl         ; 0.000        ; 0.081      ; 0.912      ;
; 0.672 ; contM7:inst1|count[1]        ; contM7:inst1|findir          ; scl          ; scl         ; 0.000        ; 0.081      ; 0.939      ;
; 0.675 ; contM7:inst1|count[0]        ; contM7:inst1|count[1]        ; scl          ; scl         ; 0.000        ; 0.081      ; 0.942      ;
; 0.675 ; contM7:inst1|count[0]        ; contM7:inst1|count[2]        ; scl          ; scl         ; 0.000        ; 0.081      ; 0.942      ;
; 0.682 ; contM8:inst7|count[1]        ; contM8:inst7|count[3]        ; scl          ; scl         ; 0.000        ; 0.081      ; 0.949      ;
; 0.683 ; contM8:inst7|count[1]        ; contM8:inst7|count[2]        ; scl          ; scl         ; 0.000        ; 0.081      ; 0.950      ;
; 0.694 ; contM8:inst7|count[2]        ; contM8:inst7|count[0]        ; scl          ; scl         ; 0.000        ; 0.081      ; 0.961      ;
; 0.700 ; contM8:inst7|count[1]        ; contM8:inst7|count[0]        ; scl          ; scl         ; 0.000        ; 0.081      ; 0.967      ;
; 0.722 ; I2C:inst|fstate.Guardar_dato ; I2C:inst|fstate.Oscioso      ; scl          ; scl         ; 0.000        ; 1.144      ; 2.052      ;
; 0.735 ; I2C:inst|fstate.Guardar_dir  ; I2C:inst|fstate.Oscioso      ; scl          ; scl         ; 0.000        ; 1.115      ; 2.036      ;
; 0.740 ; contM8:inst7|count[3]        ; contM8:inst7|findato         ; scl          ; scl         ; 0.000        ; 0.081      ; 1.007      ;
; 0.783 ; contM8:inst7|count[1]        ; contM8:inst7|findato         ; scl          ; scl         ; 0.000        ; 0.081      ; 1.050      ;
; 0.799 ; regsp7b:inst4|inst1          ; regsp7b:inst4|inst2          ; scl          ; scl         ; 0.000        ; 0.081      ; 1.066      ;
; 0.864 ; contM8:inst7|count[0]        ; contM8:inst7|count[3]        ; scl          ; scl         ; 0.000        ; 0.081      ; 1.131      ;
; 1.065 ; I2C:inst|fstate.Guardar_dir  ; I2C:inst|fstate.Guardar_dir  ; scl          ; scl         ; 0.000        ; 0.071      ; 1.322      ;
; 1.089 ; I2C:inst|fstate.RW           ; I2C:inst|fstate.AK           ; scl          ; scl         ; 0.000        ; 0.082      ; 1.357      ;
; 1.796 ; I2C:inst|fstate.Oscioso      ; I2C:inst|fstate.Oscioso      ; scl          ; scl         ; 0.000        ; 0.082      ; 2.064      ;
; 2.180 ; contM8:inst7|findato         ; I2C:inst|fstate.Oscioso      ; scl          ; scl         ; 0.000        ; -0.802     ; 1.564      ;
; 2.238 ; I2C:inst|fstate.AK           ; I2C:inst|fstate.Guardar_dato ; scl          ; scl         ; 0.000        ; -0.959     ; 1.465      ;
; 2.249 ; contM7:inst1|findir          ; I2C:inst|fstate.RW           ; scl          ; scl         ; 0.000        ; -1.113     ; 1.322      ;
; 2.351 ; regsp7b:inst4|inst6          ; I2C:inst|fstate.Oscioso      ; scl          ; scl         ; 0.000        ; -1.111     ; 1.426      ;
; 2.353 ; regsp7b:inst4|inst6          ; I2C:inst|fstate.RW           ; scl          ; scl         ; 0.000        ; -1.111     ; 1.428      ;
; 2.384 ; contM8:inst7|findato         ; I2C:inst|fstate.Guardar_dato ; scl          ; scl         ; 0.000        ; -1.875     ; 0.695      ;
; 2.477 ; I2C:inst|fstate.Oscioso      ; I2C:inst|fstate.Guardar_dir  ; scl          ; scl         ; 0.000        ; -0.928     ; 1.735      ;
; 2.483 ; regsp7b:inst4|inst           ; I2C:inst|fstate.Oscioso      ; scl          ; scl         ; 0.000        ; -1.111     ; 1.558      ;
; 2.484 ; regsp7b:inst4|inst5          ; I2C:inst|fstate.Oscioso      ; scl          ; scl         ; 0.000        ; -1.111     ; 1.559      ;
; 2.485 ; regsp7b:inst4|inst           ; I2C:inst|fstate.RW           ; scl          ; scl         ; 0.000        ; -1.111     ; 1.560      ;
; 2.486 ; regsp7b:inst4|inst5          ; I2C:inst|fstate.RW           ; scl          ; scl         ; 0.000        ; -1.111     ; 1.561      ;
; 2.632 ; regsp7b:inst4|inst1          ; I2C:inst|fstate.Oscioso      ; scl          ; scl         ; 0.000        ; -1.111     ; 1.707      ;
; 2.634 ; regsp7b:inst4|inst1          ; I2C:inst|fstate.RW           ; scl          ; scl         ; 0.000        ; -1.111     ; 1.709      ;
; 2.641 ; regsp7b:inst4|inst4          ; I2C:inst|fstate.Oscioso      ; scl          ; scl         ; 0.000        ; -1.111     ; 1.716      ;
; 2.643 ; regsp7b:inst4|inst4          ; I2C:inst|fstate.RW           ; scl          ; scl         ; 0.000        ; -1.111     ; 1.718      ;
; 2.705 ; contM7:inst1|findir          ; I2C:inst|fstate.Oscioso      ; scl          ; scl         ; 0.000        ; -1.113     ; 1.778      ;
; 2.764 ; regsp7b:inst4|inst2          ; I2C:inst|fstate.Oscioso      ; scl          ; scl         ; 0.000        ; -1.111     ; 1.839      ;
; 2.765 ; regsp7b:inst4|inst3          ; I2C:inst|fstate.Oscioso      ; scl          ; scl         ; 0.000        ; -1.111     ; 1.840      ;
; 2.766 ; regsp7b:inst4|inst2          ; I2C:inst|fstate.RW           ; scl          ; scl         ; 0.000        ; -1.111     ; 1.841      ;
; 2.767 ; regsp7b:inst4|inst3          ; I2C:inst|fstate.RW           ; scl          ; scl         ; 0.000        ; -1.111     ; 1.842      ;
; 3.019 ; contM7:inst1|findir          ; I2C:inst|fstate.Guardar_dir  ; scl          ; scl         ; 0.000        ; -2.155     ; 1.050      ;
+-------+------------------------------+------------------------------+--------------+-------------+--------------+------------+------------+


+------------------------------------------------------------------------------------------------------------------------------------+
; Slow 1200mV 85C Model Recovery: 'scl'                                                                                              ;
+-------+------------------------------+-----------------------+--------------+-------------+--------------+------------+------------+
; Slack ; From Node                    ; To Node               ; Launch Clock ; Latch Clock ; Relationship ; Clock Skew ; Data Delay ;
+-------+------------------------------+-----------------------+--------------+-------------+--------------+------------+------------+
; 0.323 ; I2C:inst|fstate.Guardar_dato ; contM8:inst7|count[1] ; scl          ; scl         ; 1.000        ; 1.875      ; 2.550      ;
; 0.323 ; I2C:inst|fstate.Guardar_dato ; contM8:inst7|count[3] ; scl          ; scl         ; 1.000        ; 1.875      ; 2.550      ;
; 0.323 ; I2C:inst|fstate.Guardar_dato ; contM8:inst7|count[0] ; scl          ; scl         ; 1.000        ; 1.875      ; 2.550      ;
; 0.323 ; I2C:inst|fstate.Guardar_dato ; contM8:inst7|count[2] ; scl          ; scl         ; 1.000        ; 1.875      ; 2.550      ;
; 0.323 ; I2C:inst|fstate.Guardar_dato ; contM8:inst7|findato  ; scl          ; scl         ; 1.000        ; 1.875      ; 2.550      ;
; 0.696 ; I2C:inst|fstate.Guardar_dir  ; contM7:inst1|count[0] ; scl          ; scl         ; 1.000        ; 2.155      ; 2.457      ;
; 0.696 ; I2C:inst|fstate.Guardar_dir  ; contM7:inst1|count[1] ; scl          ; scl         ; 1.000        ; 2.155      ; 2.457      ;
; 0.696 ; I2C:inst|fstate.Guardar_dir  ; contM7:inst1|count[2] ; scl          ; scl         ; 1.000        ; 2.155      ; 2.457      ;
; 0.696 ; I2C:inst|fstate.Guardar_dir  ; contM7:inst1|findir   ; scl          ; scl         ; 1.000        ; 2.155      ; 2.457      ;
+-------+------------------------------+-----------------------+--------------+-------------+--------------+------------+------------+


+-------------------------------------------------------------------------------------------------------------------------------------+
; Slow 1200mV 85C Model Removal: 'scl'                                                                                                ;
+--------+------------------------------+-----------------------+--------------+-------------+--------------+------------+------------+
; Slack  ; From Node                    ; To Node               ; Launch Clock ; Latch Clock ; Relationship ; Clock Skew ; Data Delay ;
+--------+------------------------------+-----------------------+--------------+-------------+--------------+------------+------------+
; -0.285 ; I2C:inst|fstate.Guardar_dir  ; contM7:inst1|count[0] ; scl          ; scl         ; 0.000        ; 2.393      ; 2.294      ;
; -0.285 ; I2C:inst|fstate.Guardar_dir  ; contM7:inst1|count[1] ; scl          ; scl         ; 0.000        ; 2.393      ; 2.294      ;
; -0.285 ; I2C:inst|fstate.Guardar_dir  ; contM7:inst1|count[2] ; scl          ; scl         ; 0.000        ; 2.393      ; 2.294      ;
; -0.285 ; I2C:inst|fstate.Guardar_dir  ; contM7:inst1|findir   ; scl          ; scl         ; 0.000        ; 2.393      ; 2.294      ;
; 0.148  ; I2C:inst|fstate.Guardar_dato ; contM8:inst7|count[1] ; scl          ; scl         ; 0.000        ; 2.098      ; 2.432      ;
; 0.148  ; I2C:inst|fstate.Guardar_dato ; contM8:inst7|count[3] ; scl          ; scl         ; 0.000        ; 2.098      ; 2.432      ;
; 0.148  ; I2C:inst|fstate.Guardar_dato ; contM8:inst7|count[0] ; scl          ; scl         ; 0.000        ; 2.098      ; 2.432      ;
; 0.148  ; I2C:inst|fstate.Guardar_dato ; contM8:inst7|count[2] ; scl          ; scl         ; 0.000        ; 2.098      ; 2.432      ;
; 0.148  ; I2C:inst|fstate.Guardar_dato ; contM8:inst7|findato  ; scl          ; scl         ; 0.000        ; 2.098      ; 2.432      ;
+--------+------------------------------+-----------------------+--------------+-------------+--------------+------------+------------+


+---------------------------------------------------------------------------------------------------------------+
; Slow 1200mV 85C Model Minimum Pulse Width: 'scl'                                                              ;
+--------+--------------+----------------+------------------+-------+------------+------------------------------+
; Slack  ; Actual Width ; Required Width ; Type             ; Clock ; Clock Edge ; Target                       ;
+--------+--------------+----------------+------------------+-------+------------+------------------------------+
; -3.000 ; 1.000        ; 4.000          ; Port Rate        ; scl   ; Rise       ; scl                          ;
; -1.285 ; 1.000        ; 2.285          ; Min Period       ; scl   ; Rise       ; I2C:inst|fstate.AK           ;
; -1.285 ; 1.000        ; 2.285          ; Min Period       ; scl   ; Rise       ; I2C:inst|fstate.Guardar_dato ;
; -1.285 ; 1.000        ; 2.285          ; Min Period       ; scl   ; Rise       ; I2C:inst|fstate.Guardar_dir  ;
; -1.285 ; 1.000        ; 2.285          ; Min Period       ; scl   ; Rise       ; I2C:inst|fstate.Oscioso      ;
; -1.285 ; 1.000        ; 2.285          ; Min Period       ; scl   ; Rise       ; I2C:inst|fstate.RW           ;
; -1.285 ; 1.000        ; 2.285          ; Min Period       ; scl   ; Rise       ; contM7:inst1|count[0]        ;
; -1.285 ; 1.000        ; 2.285          ; Min Period       ; scl   ; Rise       ; contM7:inst1|count[1]        ;
; -1.285 ; 1.000        ; 2.285          ; Min Period       ; scl   ; Rise       ; contM7:inst1|count[2]        ;
; -1.285 ; 1.000        ; 2.285          ; Min Period       ; scl   ; Rise       ; contM7:inst1|findir          ;
; -1.285 ; 1.000        ; 2.285          ; Min Period       ; scl   ; Rise       ; contM8:inst7|count[0]        ;
; -1.285 ; 1.000        ; 2.285          ; Min Period       ; scl   ; Rise       ; contM8:inst7|count[1]        ;
; -1.285 ; 1.000        ; 2.285          ; Min Period       ; scl   ; Rise       ; contM8:inst7|count[2]        ;
; -1.285 ; 1.000        ; 2.285          ; Min Period       ; scl   ; Rise       ; contM8:inst7|count[3]        ;
; -1.285 ; 1.000        ; 2.285          ; Min Period       ; scl   ; Rise       ; contM8:inst7|findato         ;
; -1.285 ; 1.000        ; 2.285          ; Min Period       ; scl   ; Rise       ; regsp7b:inst4|inst           ;
; -1.285 ; 1.000        ; 2.285          ; Min Period       ; scl   ; Rise       ; regsp7b:inst4|inst1          ;
; -1.285 ; 1.000        ; 2.285          ; Min Period       ; scl   ; Rise       ; regsp7b:inst4|inst2          ;
; -1.285 ; 1.000        ; 2.285          ; Min Period       ; scl   ; Rise       ; regsp7b:inst4|inst3          ;
; -1.285 ; 1.000        ; 2.285          ; Min Period       ; scl   ; Rise       ; regsp7b:inst4|inst4          ;
; -1.285 ; 1.000        ; 2.285          ; Min Period       ; scl   ; Rise       ; regsp7b:inst4|inst5          ;
; -1.285 ; 1.000        ; 2.285          ; Min Period       ; scl   ; Rise       ; regsp7b:inst4|inst6          ;
; -1.285 ; 1.000        ; 2.285          ; Min Period       ; scl   ; Rise       ; regsp8b:inst3|inst20         ;
; -1.285 ; 1.000        ; 2.285          ; Min Period       ; scl   ; Rise       ; regsp8b:inst3|inst21         ;
; -1.285 ; 1.000        ; 2.285          ; Min Period       ; scl   ; Rise       ; regsp8b:inst3|inst22         ;
; -1.285 ; 1.000        ; 2.285          ; Min Period       ; scl   ; Rise       ; regsp8b:inst3|inst23         ;
; -1.285 ; 1.000        ; 2.285          ; Min Period       ; scl   ; Rise       ; regsp8b:inst3|inst24         ;
; -1.285 ; 1.000        ; 2.285          ; Min Period       ; scl   ; Rise       ; regsp8b:inst3|inst25         ;
; -1.285 ; 1.000        ; 2.285          ; Min Period       ; scl   ; Rise       ; regsp8b:inst3|inst26         ;
; -1.285 ; 1.000        ; 2.285          ; Min Period       ; scl   ; Rise       ; regsp8b:inst3|inst27         ;
; 0.202  ; 0.390        ; 0.188          ; Low Pulse Width  ; scl   ; Rise       ; contM7:inst1|count[0]        ;
; 0.202  ; 0.390        ; 0.188          ; Low Pulse Width  ; scl   ; Rise       ; contM7:inst1|count[1]        ;
; 0.202  ; 0.390        ; 0.188          ; Low Pulse Width  ; scl   ; Rise       ; contM7:inst1|count[2]        ;
; 0.202  ; 0.390        ; 0.188          ; Low Pulse Width  ; scl   ; Rise       ; contM7:inst1|findir          ;
; 0.202  ; 0.390        ; 0.188          ; Low Pulse Width  ; scl   ; Rise       ; regsp7b:inst4|inst           ;
; 0.202  ; 0.390        ; 0.188          ; Low Pulse Width  ; scl   ; Rise       ; regsp7b:inst4|inst1          ;
; 0.202  ; 0.390        ; 0.188          ; Low Pulse Width  ; scl   ; Rise       ; regsp7b:inst4|inst2          ;
; 0.202  ; 0.390        ; 0.188          ; Low Pulse Width  ; scl   ; Rise       ; regsp7b:inst4|inst3          ;
; 0.202  ; 0.390        ; 0.188          ; Low Pulse Width  ; scl   ; Rise       ; regsp7b:inst4|inst4          ;
; 0.202  ; 0.390        ; 0.188          ; Low Pulse Width  ; scl   ; Rise       ; regsp7b:inst4|inst5          ;
; 0.202  ; 0.390        ; 0.188          ; Low Pulse Width  ; scl   ; Rise       ; regsp7b:inst4|inst6          ;
; 0.210  ; 0.398        ; 0.188          ; Low Pulse Width  ; scl   ; Rise       ; I2C:inst|fstate.Guardar_dato ;
; 0.214  ; 0.402        ; 0.188          ; Low Pulse Width  ; scl   ; Rise       ; I2C:inst|fstate.Guardar_dir  ;
; 0.243  ; 0.431        ; 0.188          ; Low Pulse Width  ; scl   ; Rise       ; contM8:inst7|count[0]        ;
; 0.243  ; 0.431        ; 0.188          ; Low Pulse Width  ; scl   ; Rise       ; contM8:inst7|count[1]        ;
; 0.243  ; 0.431        ; 0.188          ; Low Pulse Width  ; scl   ; Rise       ; contM8:inst7|count[2]        ;
; 0.243  ; 0.431        ; 0.188          ; Low Pulse Width  ; scl   ; Rise       ; contM8:inst7|count[3]        ;
; 0.243  ; 0.431        ; 0.188          ; Low Pulse Width  ; scl   ; Rise       ; contM8:inst7|findato         ;
; 0.246  ; 0.434        ; 0.188          ; Low Pulse Width  ; scl   ; Rise       ; regsp8b:inst3|inst20         ;
; 0.246  ; 0.434        ; 0.188          ; Low Pulse Width  ; scl   ; Rise       ; regsp8b:inst3|inst21         ;
; 0.246  ; 0.434        ; 0.188          ; Low Pulse Width  ; scl   ; Rise       ; regsp8b:inst3|inst22         ;
; 0.246  ; 0.434        ; 0.188          ; Low Pulse Width  ; scl   ; Rise       ; regsp8b:inst3|inst23         ;
; 0.246  ; 0.434        ; 0.188          ; Low Pulse Width  ; scl   ; Rise       ; regsp8b:inst3|inst24         ;
; 0.246  ; 0.434        ; 0.188          ; Low Pulse Width  ; scl   ; Rise       ; regsp8b:inst3|inst25         ;
; 0.246  ; 0.434        ; 0.188          ; Low Pulse Width  ; scl   ; Rise       ; regsp8b:inst3|inst26         ;
; 0.246  ; 0.434        ; 0.188          ; Low Pulse Width  ; scl   ; Rise       ; regsp8b:inst3|inst27         ;
; 0.259  ; 0.447        ; 0.188          ; Low Pulse Width  ; scl   ; Rise       ; I2C:inst|fstate.AK           ;
; 0.259  ; 0.447        ; 0.188          ; Low Pulse Width  ; scl   ; Rise       ; I2C:inst|fstate.Oscioso      ;
; 0.259  ; 0.447        ; 0.188          ; Low Pulse Width  ; scl   ; Rise       ; I2C:inst|fstate.RW           ;
; 0.333  ; 0.553        ; 0.220          ; High Pulse Width ; scl   ; Rise       ; I2C:inst|fstate.AK           ;
; 0.333  ; 0.553        ; 0.220          ; High Pulse Width ; scl   ; Rise       ; I2C:inst|fstate.Oscioso      ;
; 0.333  ; 0.553        ; 0.220          ; High Pulse Width ; scl   ; Rise       ; I2C:inst|fstate.RW           ;
; 0.345  ; 0.565        ; 0.220          ; High Pulse Width ; scl   ; Rise       ; regsp8b:inst3|inst20         ;
; 0.345  ; 0.565        ; 0.220          ; High Pulse Width ; scl   ; Rise       ; regsp8b:inst3|inst21         ;
; 0.345  ; 0.565        ; 0.220          ; High Pulse Width ; scl   ; Rise       ; regsp8b:inst3|inst22         ;
; 0.345  ; 0.565        ; 0.220          ; High Pulse Width ; scl   ; Rise       ; regsp8b:inst3|inst23         ;
; 0.345  ; 0.565        ; 0.220          ; High Pulse Width ; scl   ; Rise       ; regsp8b:inst3|inst24         ;
; 0.345  ; 0.565        ; 0.220          ; High Pulse Width ; scl   ; Rise       ; regsp8b:inst3|inst25         ;
; 0.345  ; 0.565        ; 0.220          ; High Pulse Width ; scl   ; Rise       ; regsp8b:inst3|inst26         ;
; 0.345  ; 0.565        ; 0.220          ; High Pulse Width ; scl   ; Rise       ; regsp8b:inst3|inst27         ;
; 0.348  ; 0.568        ; 0.220          ; High Pulse Width ; scl   ; Rise       ; contM8:inst7|count[0]        ;
; 0.348  ; 0.568        ; 0.220          ; High Pulse Width ; scl   ; Rise       ; contM8:inst7|count[1]        ;
; 0.348  ; 0.568        ; 0.220          ; High Pulse Width ; scl   ; Rise       ; contM8:inst7|count[2]        ;
; 0.348  ; 0.568        ; 0.220          ; High Pulse Width ; scl   ; Rise       ; contM8:inst7|count[3]        ;
; 0.348  ; 0.568        ; 0.220          ; High Pulse Width ; scl   ; Rise       ; contM8:inst7|findato         ;
; 0.351  ; 0.351        ; 0.000          ; Low Pulse Width  ; scl   ; Rise       ; inst14~clkctrl|inclk[0]      ;
; 0.351  ; 0.351        ; 0.000          ; Low Pulse Width  ; scl   ; Rise       ; inst14~clkctrl|outclk        ;
; 0.352  ; 0.352        ; 0.000          ; Low Pulse Width  ; scl   ; Rise       ; inst14|datac                 ;
; 0.355  ; 0.355        ; 0.000          ; Low Pulse Width  ; scl   ; Rise       ; inst1|count[0]|clk           ;
; 0.355  ; 0.355        ; 0.000          ; Low Pulse Width  ; scl   ; Rise       ; inst1|count[1]|clk           ;
; 0.355  ; 0.355        ; 0.000          ; Low Pulse Width  ; scl   ; Rise       ; inst1|count[2]|clk           ;
; 0.355  ; 0.355        ; 0.000          ; Low Pulse Width  ; scl   ; Rise       ; inst1|findir|clk             ;
; 0.355  ; 0.355        ; 0.000          ; Low Pulse Width  ; scl   ; Rise       ; inst4|inst1|clk              ;
; 0.355  ; 0.355        ; 0.000          ; Low Pulse Width  ; scl   ; Rise       ; inst4|inst2|clk              ;
; 0.355  ; 0.355        ; 0.000          ; Low Pulse Width  ; scl   ; Rise       ; inst4|inst3|clk              ;
; 0.355  ; 0.355        ; 0.000          ; Low Pulse Width  ; scl   ; Rise       ; inst4|inst4|clk              ;
; 0.355  ; 0.355        ; 0.000          ; Low Pulse Width  ; scl   ; Rise       ; inst4|inst5|clk              ;
; 0.355  ; 0.355        ; 0.000          ; Low Pulse Width  ; scl   ; Rise       ; inst4|inst6|clk              ;
; 0.355  ; 0.355        ; 0.000          ; Low Pulse Width  ; scl   ; Rise       ; inst4|inst|clk               ;
; 0.356  ; 0.356        ; 0.000          ; Low Pulse Width  ; scl   ; Rise       ; inst14|combout               ;
; 0.363  ; 0.363        ; 0.000          ; Low Pulse Width  ; scl   ; Rise       ; inst|fstate.Guardar_dato|clk ;
; 0.367  ; 0.367        ; 0.000          ; Low Pulse Width  ; scl   ; Rise       ; inst|fstate.Guardar_dir|clk  ;
; 0.370  ; 0.370        ; 0.000          ; Low Pulse Width  ; scl   ; Rise       ; inst6|datad                  ;
; 0.376  ; 0.596        ; 0.220          ; High Pulse Width ; scl   ; Rise       ; I2C:inst|fstate.Guardar_dir  ;
; 0.379  ; 0.599        ; 0.220          ; High Pulse Width ; scl   ; Rise       ; I2C:inst|fstate.Guardar_dato ;
; 0.387  ; 0.607        ; 0.220          ; High Pulse Width ; scl   ; Rise       ; contM7:inst1|count[0]        ;
; 0.387  ; 0.607        ; 0.220          ; High Pulse Width ; scl   ; Rise       ; contM7:inst1|count[1]        ;
; 0.387  ; 0.607        ; 0.220          ; High Pulse Width ; scl   ; Rise       ; contM7:inst1|count[2]        ;
; 0.387  ; 0.607        ; 0.220          ; High Pulse Width ; scl   ; Rise       ; contM7:inst1|findir          ;
; 0.387  ; 0.607        ; 0.220          ; High Pulse Width ; scl   ; Rise       ; regsp7b:inst4|inst           ;
+--------+--------------+----------------+------------------+-------+------------+------------------------------+


+-----------------------------------------------------------------------+
; Setup Times                                                           ;
+-----------+------------+-------+-------+------------+-----------------+
; Data Port ; Clock Port ; Rise  ; Fall  ; Clock Edge ; Clock Reference ;
+-----------+------------+-------+-------+------------+-----------------+
; B1        ; scl        ; 1.689 ; 2.064 ; Rise       ; scl             ;
; B2        ; scl        ; 2.356 ; 2.715 ; Rise       ; scl             ;
; B3        ; scl        ; 2.628 ; 2.986 ; Rise       ; scl             ;
; B4        ; scl        ; 2.760 ; 3.147 ; Rise       ; scl             ;
; B5        ; scl        ; 2.665 ; 3.033 ; Rise       ; scl             ;
; B6        ; scl        ; 2.058 ; 2.444 ; Rise       ; scl             ;
; B7        ; scl        ; 2.449 ; 2.832 ; Rise       ; scl             ;
; rst       ; scl        ; 2.372 ; 2.695 ; Rise       ; scl             ;
; sda       ; scl        ; 3.052 ; 3.407 ; Rise       ; scl             ;
+-----------+------------+-------+-------+------------+-----------------+


+-------------------------------------------------------------------------+
; Hold Times                                                              ;
+-----------+------------+--------+--------+------------+-----------------+
; Data Port ; Clock Port ; Rise   ; Fall   ; Clock Edge ; Clock Reference ;
+-----------+------------+--------+--------+------------+-----------------+
; B1        ; scl        ; -1.138 ; -1.535 ; Rise       ; scl             ;
; B2        ; scl        ; -1.818 ; -2.110 ; Rise       ; scl             ;
; B3        ; scl        ; -2.013 ; -2.405 ; Rise       ; scl             ;
; B4        ; scl        ; -2.143 ; -2.543 ; Rise       ; scl             ;
; B5        ; scl        ; -2.108 ; -2.409 ; Rise       ; scl             ;
; B6        ; scl        ; -1.545 ; -1.880 ; Rise       ; scl             ;
; B7        ; scl        ; -1.917 ; -2.250 ; Rise       ; scl             ;
; rst       ; scl        ; -0.837 ; -1.154 ; Rise       ; scl             ;
; sda       ; scl        ; 0.382  ; 0.054  ; Rise       ; scl             ;
+-----------+------------+--------+--------+------------+-----------------+


+-----------------------------------------------------------------------+
; Clock to Output Times                                                 ;
+-----------+------------+-------+-------+------------+-----------------+
; Data Port ; Clock Port ; Rise  ; Fall  ; Clock Edge ; Clock Reference ;
+-----------+------------+-------+-------+------------+-----------------+
; A1        ; scl        ; 7.981 ; 8.002 ; Rise       ; scl             ;
; A2        ; scl        ; 8.030 ; 8.052 ; Rise       ; scl             ;
; A3        ; scl        ; 7.567 ; 7.569 ; Rise       ; scl             ;
; A4        ; scl        ; 7.365 ; 7.389 ; Rise       ; scl             ;
; A5        ; scl        ; 7.903 ; 7.922 ; Rise       ; scl             ;
; A6        ; scl        ; 7.749 ; 7.789 ; Rise       ; scl             ;
; A7        ; scl        ; 9.139 ; 9.216 ; Rise       ; scl             ;
; C7[*]     ; scl        ; 7.848 ; 7.852 ; Rise       ; scl             ;
;  C7[0]    ; scl        ; 7.679 ; 7.690 ; Rise       ; scl             ;
;  C7[1]    ; scl        ; 7.794 ; 7.810 ; Rise       ; scl             ;
;  C7[2]    ; scl        ; 7.848 ; 7.852 ; Rise       ; scl             ;
; C8[*]     ; scl        ; 7.213 ; 7.213 ; Rise       ; scl             ;
;  C8[0]    ; scl        ; 7.085 ; 7.107 ; Rise       ; scl             ;
;  C8[1]    ; scl        ; 7.032 ; 7.057 ; Rise       ; scl             ;
;  C8[2]    ; scl        ; 7.051 ; 7.077 ; Rise       ; scl             ;
;  C8[3]    ; scl        ; 7.213 ; 7.213 ; Rise       ; scl             ;
; E1        ; scl        ; 7.642 ; 7.671 ; Rise       ; scl             ;
; E2        ; scl        ; 7.800 ; 7.825 ; Rise       ; scl             ;
; E3        ; scl        ; 6.949 ; 7.000 ; Rise       ; scl             ;
; HAB_DAT   ; scl        ; 8.320 ; 8.276 ; Rise       ; scl             ;
; HAB_DIR   ; scl        ; 5.757 ; 5.828 ; Rise       ; scl             ;
; ffin_dir  ; scl        ; 7.538 ; 7.540 ; Rise       ; scl             ;
; q0        ; scl        ; 7.404 ; 7.442 ; Rise       ; scl             ;
; q1        ; scl        ; 7.018 ; 7.042 ; Rise       ; scl             ;
; q2        ; scl        ; 7.059 ; 7.082 ; Rise       ; scl             ;
; q3        ; scl        ; 7.425 ; 7.439 ; Rise       ; scl             ;
; q4        ; scl        ; 7.401 ; 7.415 ; Rise       ; scl             ;
; q5        ; scl        ; 7.050 ; 7.074 ; Rise       ; scl             ;
; q6        ; scl        ; 7.034 ; 7.058 ; Rise       ; scl             ;
; q7        ; scl        ; 7.383 ; 7.401 ; Rise       ; scl             ;
; ssoy      ; scl        ; 9.141 ; 9.158 ; Rise       ; scl             ;
+-----------+------------+-------+-------+------------+-----------------+


+-----------------------------------------------------------------------+
; Minimum Clock to Output Times                                         ;
+-----------+------------+-------+-------+------------+-----------------+
; Data Port ; Clock Port ; Rise  ; Fall  ; Clock Edge ; Clock Reference ;
+-----------+------------+-------+-------+------------+-----------------+
; A1        ; scl        ; 7.774 ; 7.794 ; Rise       ; scl             ;
; A2        ; scl        ; 7.821 ; 7.842 ; Rise       ; scl             ;
; A3        ; scl        ; 7.372 ; 7.374 ; Rise       ; scl             ;
; A4        ; scl        ; 7.182 ; 7.204 ; Rise       ; scl             ;
; A5        ; scl        ; 7.699 ; 7.717 ; Rise       ; scl             ;
; A6        ; scl        ; 7.551 ; 7.589 ; Rise       ; scl             ;
; A7        ; scl        ; 8.935 ; 9.012 ; Rise       ; scl             ;
; C7[*]     ; scl        ; 7.479 ; 7.489 ; Rise       ; scl             ;
;  C7[0]    ; scl        ; 7.479 ; 7.489 ; Rise       ; scl             ;
;  C7[1]    ; scl        ; 7.594 ; 7.609 ; Rise       ; scl             ;
;  C7[2]    ; scl        ; 7.646 ; 7.650 ; Rise       ; scl             ;
; C8[*]     ; scl        ; 6.861 ; 6.886 ; Rise       ; scl             ;
;  C8[0]    ; scl        ; 6.914 ; 6.935 ; Rise       ; scl             ;
;  C8[1]    ; scl        ; 6.861 ; 6.886 ; Rise       ; scl             ;
;  C8[2]    ; scl        ; 6.881 ; 6.905 ; Rise       ; scl             ;
;  C8[3]    ; scl        ; 7.037 ; 7.036 ; Rise       ; scl             ;
; E1        ; scl        ; 6.193 ; 6.230 ; Rise       ; scl             ;
; E2        ; scl        ; 7.484 ; 7.466 ; Rise       ; scl             ;
; E3        ; scl        ; 6.780 ; 6.831 ; Rise       ; scl             ;
; HAB_DAT   ; scl        ; 8.152 ; 8.107 ; Rise       ; scl             ;
; HAB_DIR   ; scl        ; 5.636 ; 5.706 ; Rise       ; scl             ;
; ffin_dir  ; scl        ; 7.348 ; 7.350 ; Rise       ; scl             ;
; q0        ; scl        ; 7.222 ; 7.257 ; Rise       ; scl             ;
; q1        ; scl        ; 6.849 ; 6.871 ; Rise       ; scl             ;
; q2        ; scl        ; 6.889 ; 6.912 ; Rise       ; scl             ;
; q3        ; scl        ; 7.242 ; 7.255 ; Rise       ; scl             ;
; q4        ; scl        ; 7.219 ; 7.232 ; Rise       ; scl             ;
; q5        ; scl        ; 6.881 ; 6.903 ; Rise       ; scl             ;
; q6        ; scl        ; 6.865 ; 6.888 ; Rise       ; scl             ;
; q7        ; scl        ; 7.201 ; 7.218 ; Rise       ; scl             ;
; ssoy      ; scl        ; 8.347 ; 8.432 ; Rise       ; scl             ;
+-----------+------------+-------+-------+------------+-----------------+


+----------------------------------------------------------+
; Propagation Delay                                        ;
+------------+-------------+-------+-------+-------+-------+
; Input Port ; Output Port ; RR    ; RF    ; FR    ; FF    ;
+------------+-------------+-------+-------+-------+-------+
; B1         ; ssoy        ; 7.387 ; 7.480 ; 7.770 ; 7.829 ;
; B2         ; ssoy        ; 8.062 ; 8.142 ; 8.421 ; 8.437 ;
; B3         ; ssoy        ; 8.334 ; 8.388 ; 8.692 ; 8.725 ;
; B4         ; ssoy        ; 8.466 ; 8.524 ; 8.853 ; 8.877 ;
; B5         ; ssoy        ; 8.371 ; 8.440 ; 8.739 ; 8.758 ;
; B6         ; ssoy        ; 7.764 ; 7.822 ; 8.150 ; 8.171 ;
; B7         ; ssoy        ; 8.136 ; 8.240 ; 8.538 ; 8.592 ;
; rst        ; E1          ;       ; 6.952 ; 7.345 ;       ;
; rst        ; E2          ;       ; 7.295 ; 7.674 ;       ;
; rst        ; E3          ;       ; 8.028 ; 8.318 ;       ;
; rst        ; HAB_DAT     ;       ; 9.304 ; 9.689 ;       ;
; rst        ; HAB_DIR     ;       ; 6.563 ; 6.925 ;       ;
; rst        ; sda         ; 7.838 ; 7.720 ; 8.241 ; 8.241 ;
+------------+-------------+-------+-------+-------+-------+


+----------------------------------------------------------+
; Minimum Propagation Delay                                ;
+------------+-------------+-------+-------+-------+-------+
; Input Port ; Output Port ; RR    ; RF    ; FR    ; FF    ;
+------------+-------------+-------+-------+-------+-------+
; B1         ; ssoy        ; 7.193 ; 7.219 ; 7.527 ; 7.616 ;
; B2         ; ssoy        ; 7.834 ; 7.899 ; 8.197 ; 8.191 ;
; B3         ; ssoy        ; 8.094 ; 8.094 ; 8.414 ; 8.486 ;
; B4         ; ssoy        ; 8.232 ; 8.224 ; 8.569 ; 8.624 ;
; B5         ; ssoy        ; 8.131 ; 8.189 ; 8.496 ; 8.490 ;
; B6         ; ssoy        ; 7.571 ; 7.626 ; 7.941 ; 7.961 ;
; B7         ; ssoy        ; 7.907 ; 7.999 ; 8.303 ; 8.331 ;
; rst        ; E1          ;       ; 6.787 ; 7.167 ;       ;
; rst        ; E2          ;       ; 7.039 ; 7.395 ;       ;
; rst        ; E3          ;       ; 7.766 ; 8.033 ;       ;
; rst        ; HAB_DAT     ;       ; 9.042 ; 9.405 ;       ;
; rst        ; HAB_DIR     ;       ; 6.357 ; 6.690 ;       ;
; rst        ; sda         ; 7.263 ; 7.263 ; 7.636 ; 7.666 ;
+------------+-------------+-------+-------+-------+-------+


+-----------------------------------------------------------------------+
; Output Enable Times                                                   ;
+-----------+------------+-------+-------+------------+-----------------+
; Data Port ; Clock Port ; Rise  ; Fall  ; Clock Edge ; Clock Reference ;
+-----------+------------+-------+-------+------------+-----------------+
; sda       ; scl        ; 7.441 ; 7.441 ; Rise       ; scl             ;
+-----------+------------+-------+-------+------------+-----------------+


+-----------------------------------------------------------------------+
; Minimum Output Enable Times                                           ;
+-----------+------------+-------+-------+------------+-----------------+
; Data Port ; Clock Port ; Rise  ; Fall  ; Clock Edge ; Clock Reference ;
+-----------+------------+-------+-------+------------+-----------------+
; sda       ; scl        ; 6.903 ; 6.933 ; Rise       ; scl             ;
+-----------+------------+-------+-------+------------+-----------------+


+-------------------------------------------------------------------------------+
; Output Disable Times                                                          ;
+-----------+------------+-----------+-----------+------------+-----------------+
; Data Port ; Clock Port ; 0 to Hi-Z ; 1 to Hi-Z ; Clock Edge ; Clock Reference ;
+-----------+------------+-----------+-----------+------------+-----------------+
; sda       ; scl        ; 7.314     ; 7.432     ; Rise       ; scl             ;
+-----------+------------+-----------+-----------+------------+-----------------+


+-------------------------------------------------------------------------------+
; Minimum Output Disable Times                                                  ;
+-----------+------------+-----------+-----------+------------+-----------------+
; Data Port ; Clock Port ; 0 to Hi-Z ; 1 to Hi-Z ; Clock Edge ; Clock Reference ;
+-----------+------------+-----------+-----------+------------+-----------------+
; sda       ; scl        ; 6.894     ; 6.894     ; Rise       ; scl             ;
+-----------+------------+-----------+-----------+------------+-----------------+


----------------------------------------------
; Slow 1200mV 85C Model Metastability Report ;
----------------------------------------------
No synchronizer chains to report.


+-----------------------------------------------------------------------------------------------------------+
; Slow 1200mV 0C Model Fmax Summary                                                                         ;
+------------+-----------------+------------+---------------------------------------------------------------+
; Fmax       ; Restricted Fmax ; Clock Name ; Note                                                          ;
+------------+-----------------+------------+---------------------------------------------------------------+
; 310.37 MHz ; 250.0 MHz       ; scl        ; limit due to minimum period restriction (max I/O toggle rate) ;
+------------+-----------------+------------+---------------------------------------------------------------+
This panel reports FMAX for every clock in the design, regardless of the user-specified clock periods.  FMAX is only computed for paths where the source and destination registers or ports are driven by the same clock.  Paths of different clocks, including generated clocks, are ignored.  For paths between a clock and its inversion, FMAX is computed as if the rising and falling edges are scaled along with FMAX, such that the duty cycle (in terms of a percentage) is maintained. Altera recommends that you always use clock constraints and other slack reports for sign-off analysis.


+------------------------------------+
; Slow 1200mV 0C Model Setup Summary ;
+-------+--------+-------------------+
; Clock ; Slack  ; End Point TNS     ;
+-------+--------+-------------------+
; scl   ; -2.222 ; -9.401            ;
+-------+--------+-------------------+


+-----------------------------------+
; Slow 1200mV 0C Model Hold Summary ;
+-------+-------+-------------------+
; Clock ; Slack ; End Point TNS     ;
+-------+-------+-------------------+
; scl   ; 0.352 ; 0.000             ;
+-------+-------+-------------------+


+---------------------------------------+
; Slow 1200mV 0C Model Recovery Summary ;
+-------+-------+-----------------------+
; Clock ; Slack ; End Point TNS         ;
+-------+-------+-----------------------+
; scl   ; 0.333 ; 0.000                 ;
+-------+-------+-----------------------+


+--------------------------------------+
; Slow 1200mV 0C Model Removal Summary ;
+-------+--------+---------------------+
; Clock ; Slack  ; End Point TNS       ;
+-------+--------+---------------------+
; scl   ; -0.229 ; -0.916              ;
+-------+--------+---------------------+


+--------------------------------------------------+
; Slow 1200mV 0C Model Minimum Pulse Width Summary ;
+-------+--------+---------------------------------+
; Clock ; Slack  ; End Point TNS                   ;
+-------+--------+---------------------------------+
; scl   ; -3.000 ; -40.265                         ;
+-------+--------+---------------------------------+


+--------------------------------------------------------------------------------------------------------------------------------------------+
; Slow 1200mV 0C Model Setup: 'scl'                                                                                                          ;
+--------+------------------------------+------------------------------+--------------+-------------+--------------+------------+------------+
; Slack  ; From Node                    ; To Node                      ; Launch Clock ; Latch Clock ; Relationship ; Clock Skew ; Data Delay ;
+--------+------------------------------+------------------------------+--------------+-------------+--------------+------------+------------+
; -2.222 ; contM7:inst1|findir          ; I2C:inst|fstate.Guardar_dir  ; scl          ; scl         ; 1.000        ; -2.142     ; 1.079      ;
; -2.121 ; regsp7b:inst4|inst3          ; I2C:inst|fstate.RW           ; scl          ; scl         ; 1.000        ; -1.261     ; 1.859      ;
; -2.117 ; regsp7b:inst4|inst3          ; I2C:inst|fstate.Oscioso      ; scl          ; scl         ; 1.000        ; -1.261     ; 1.855      ;
; -2.115 ; regsp7b:inst4|inst2          ; I2C:inst|fstate.RW           ; scl          ; scl         ; 1.000        ; -1.261     ; 1.853      ;
; -2.111 ; regsp7b:inst4|inst2          ; I2C:inst|fstate.Oscioso      ; scl          ; scl         ; 1.000        ; -1.261     ; 1.849      ;
; -1.988 ; contM7:inst1|findir          ; I2C:inst|fstate.Oscioso      ; scl          ; scl         ; 1.000        ; -1.263     ; 1.724      ;
; -1.971 ; regsp7b:inst4|inst4          ; I2C:inst|fstate.RW           ; scl          ; scl         ; 1.000        ; -1.261     ; 1.709      ;
; -1.967 ; regsp7b:inst4|inst4          ; I2C:inst|fstate.Oscioso      ; scl          ; scl         ; 1.000        ; -1.261     ; 1.705      ;
; -1.958 ; regsp7b:inst4|inst1          ; I2C:inst|fstate.RW           ; scl          ; scl         ; 1.000        ; -1.261     ; 1.696      ;
; -1.954 ; regsp7b:inst4|inst1          ; I2C:inst|fstate.Oscioso      ; scl          ; scl         ; 1.000        ; -1.261     ; 1.692      ;
; -1.829 ; regsp7b:inst4|inst           ; I2C:inst|fstate.RW           ; scl          ; scl         ; 1.000        ; -1.261     ; 1.567      ;
; -1.826 ; regsp7b:inst4|inst5          ; I2C:inst|fstate.RW           ; scl          ; scl         ; 1.000        ; -1.261     ; 1.564      ;
; -1.825 ; regsp7b:inst4|inst           ; I2C:inst|fstate.Oscioso      ; scl          ; scl         ; 1.000        ; -1.261     ; 1.563      ;
; -1.822 ; regsp7b:inst4|inst5          ; I2C:inst|fstate.Oscioso      ; scl          ; scl         ; 1.000        ; -1.261     ; 1.560      ;
; -1.691 ; regsp7b:inst4|inst6          ; I2C:inst|fstate.RW           ; scl          ; scl         ; 1.000        ; -1.261     ; 1.429      ;
; -1.687 ; regsp7b:inst4|inst6          ; I2C:inst|fstate.Oscioso      ; scl          ; scl         ; 1.000        ; -1.261     ; 1.425      ;
; -1.671 ; I2C:inst|fstate.Oscioso      ; I2C:inst|fstate.Guardar_dir  ; scl          ; scl         ; 1.000        ; -0.980     ; 1.690      ;
; -1.598 ; contM8:inst7|findato         ; I2C:inst|fstate.Guardar_dato ; scl          ; scl         ; 1.000        ; -1.863     ; 0.734      ;
; -1.559 ; contM7:inst1|findir          ; I2C:inst|fstate.RW           ; scl          ; scl         ; 1.000        ; -1.263     ; 1.295      ;
; -1.543 ; contM8:inst7|findato         ; I2C:inst|fstate.Oscioso      ; scl          ; scl         ; 1.000        ; -0.971     ; 1.571      ;
; -1.471 ; I2C:inst|fstate.AK           ; I2C:inst|fstate.Guardar_dato ; scl          ; scl         ; 1.000        ; -0.993     ; 1.477      ;
; -1.085 ; I2C:inst|fstate.Oscioso      ; I2C:inst|fstate.Oscioso      ; scl          ; scl         ; 1.000        ; -0.073     ; 2.011      ;
; -0.423 ; I2C:inst|fstate.Guardar_dir  ; I2C:inst|fstate.Guardar_dir  ; scl          ; scl         ; 1.000        ; -0.063     ; 1.359      ;
; -0.402 ; I2C:inst|fstate.RW           ; I2C:inst|fstate.AK           ; scl          ; scl         ; 1.000        ; -0.073     ; 1.328      ;
; -0.229 ; contM8:inst7|count[0]        ; contM8:inst7|count[3]        ; scl          ; scl         ; 1.000        ; -0.074     ; 1.154      ;
; -0.205 ; I2C:inst|fstate.Guardar_dato ; I2C:inst|fstate.Oscioso      ; scl          ; scl         ; 1.000        ; 0.828      ; 2.032      ;
; -0.178 ; I2C:inst|fstate.Guardar_dir  ; I2C:inst|fstate.Oscioso      ; scl          ; scl         ; 1.000        ; 0.814      ; 1.991      ;
; -0.149 ; contM8:inst7|count[1]        ; contM8:inst7|findato         ; scl          ; scl         ; 1.000        ; -0.074     ; 1.074      ;
; -0.140 ; contM7:inst1|count[0]        ; contM7:inst1|count[1]        ; scl          ; scl         ; 1.000        ; -0.073     ; 1.066      ;
; -0.114 ; regsp7b:inst4|inst1          ; regsp7b:inst4|inst2          ; scl          ; scl         ; 1.000        ; -0.073     ; 1.040      ;
; -0.105 ; contM8:inst7|count[1]        ; contM8:inst7|count[3]        ; scl          ; scl         ; 1.000        ; -0.074     ; 1.030      ;
; -0.103 ; contM8:inst7|count[1]        ; contM8:inst7|count[2]        ; scl          ; scl         ; 1.000        ; -0.074     ; 1.028      ;
; -0.103 ; contM8:inst7|count[3]        ; contM8:inst7|findato         ; scl          ; scl         ; 1.000        ; -0.074     ; 1.028      ;
; -0.085 ; contM7:inst1|count[0]        ; contM7:inst1|count[2]        ; scl          ; scl         ; 1.000        ; -0.073     ; 1.011      ;
; -0.068 ; contM8:inst7|count[1]        ; contM8:inst7|count[0]        ; scl          ; scl         ; 1.000        ; -0.074     ; 0.993      ;
; -0.053 ; contM7:inst1|count[1]        ; contM7:inst1|findir          ; scl          ; scl         ; 1.000        ; -0.073     ; 0.979      ;
; -0.045 ; contM8:inst7|count[2]        ; contM8:inst7|count[0]        ; scl          ; scl         ; 1.000        ; -0.074     ; 0.970      ;
; -0.036 ; I2C:inst|fstate.Guardar_dir  ; I2C:inst|fstate.RW           ; scl          ; scl         ; 1.000        ; 0.814      ; 1.849      ;
; 0.013  ; regsp7b:inst4|inst3          ; regsp7b:inst4|inst4          ; scl          ; scl         ; 1.000        ; -0.073     ; 0.913      ;
; 0.013  ; contM8:inst7|count[0]        ; contM8:inst7|count[2]        ; scl          ; scl         ; 1.000        ; -0.074     ; 0.912      ;
; 0.016  ; contM8:inst7|count[0]        ; contM8:inst7|count[1]        ; scl          ; scl         ; 1.000        ; -0.074     ; 0.909      ;
; 0.019  ; contM7:inst1|count[0]        ; contM7:inst1|findir          ; scl          ; scl         ; 1.000        ; -0.073     ; 0.907      ;
; 0.037  ; regsp7b:inst4|inst2          ; regsp7b:inst4|inst3          ; scl          ; scl         ; 1.000        ; -0.073     ; 0.889      ;
; 0.039  ; regsp7b:inst4|inst           ; regsp7b:inst4|inst1          ; scl          ; scl         ; 1.000        ; -0.073     ; 0.887      ;
; 0.051  ; contM8:inst7|count[0]        ; contM8:inst7|findato         ; scl          ; scl         ; 1.000        ; -0.074     ; 0.874      ;
; 0.161  ; contM8:inst7|count[2]        ; contM8:inst7|count[3]        ; scl          ; scl         ; 1.000        ; -0.074     ; 0.764      ;
; 0.162  ; contM8:inst7|count[2]        ; contM8:inst7|findato         ; scl          ; scl         ; 1.000        ; -0.074     ; 0.763      ;
; 0.172  ; contM7:inst1|count[1]        ; contM7:inst1|count[2]        ; scl          ; scl         ; 1.000        ; -0.073     ; 0.754      ;
; 0.172  ; contM8:inst7|count[3]        ; contM8:inst7|count[0]        ; scl          ; scl         ; 1.000        ; -0.074     ; 0.753      ;
; 0.185  ; regsp7b:inst4|inst5          ; regsp7b:inst4|inst6          ; scl          ; scl         ; 1.000        ; -0.073     ; 0.741      ;
; 0.186  ; regsp7b:inst4|inst4          ; regsp7b:inst4|inst5          ; scl          ; scl         ; 1.000        ; -0.073     ; 0.740      ;
; 0.195  ; regsp8b:inst3|inst21         ; regsp8b:inst3|inst22         ; scl          ; scl         ; 1.000        ; -0.073     ; 0.731      ;
; 0.195  ; regsp8b:inst3|inst25         ; regsp8b:inst3|inst26         ; scl          ; scl         ; 1.000        ; -0.073     ; 0.731      ;
; 0.196  ; contM7:inst1|count[2]        ; contM7:inst1|findir          ; scl          ; scl         ; 1.000        ; -0.073     ; 0.730      ;
; 0.196  ; regsp8b:inst3|inst20         ; regsp8b:inst3|inst21         ; scl          ; scl         ; 1.000        ; -0.073     ; 0.730      ;
; 0.196  ; regsp8b:inst3|inst24         ; regsp8b:inst3|inst25         ; scl          ; scl         ; 1.000        ; -0.073     ; 0.730      ;
; 0.197  ; regsp8b:inst3|inst23         ; regsp8b:inst3|inst24         ; scl          ; scl         ; 1.000        ; -0.073     ; 0.729      ;
; 0.198  ; regsp8b:inst3|inst22         ; regsp8b:inst3|inst23         ; scl          ; scl         ; 1.000        ; -0.073     ; 0.728      ;
; 0.198  ; regsp8b:inst3|inst26         ; regsp8b:inst3|inst27         ; scl          ; scl         ; 1.000        ; -0.073     ; 0.728      ;
; 0.242  ; contM8:inst7|count[3]        ; contM8:inst7|count[3]        ; scl          ; scl         ; 1.000        ; -0.074     ; 0.683      ;
; 0.242  ; contM8:inst7|count[2]        ; contM8:inst7|count[2]        ; scl          ; scl         ; 1.000        ; -0.074     ; 0.683      ;
; 0.242  ; contM8:inst7|count[0]        ; contM8:inst7|count[0]        ; scl          ; scl         ; 1.000        ; -0.074     ; 0.683      ;
; 0.242  ; contM8:inst7|count[1]        ; contM8:inst7|count[1]        ; scl          ; scl         ; 1.000        ; -0.074     ; 0.683      ;
; 0.243  ; contM7:inst1|count[0]        ; contM7:inst1|count[0]        ; scl          ; scl         ; 1.000        ; -0.073     ; 0.683      ;
; 0.243  ; contM7:inst1|count[1]        ; contM7:inst1|count[1]        ; scl          ; scl         ; 1.000        ; -0.073     ; 0.683      ;
; 0.243  ; contM7:inst1|count[2]        ; contM7:inst1|count[2]        ; scl          ; scl         ; 1.000        ; -0.073     ; 0.683      ;
; 0.301  ; I2C:inst|fstate.Guardar_dato ; I2C:inst|fstate.Guardar_dato ; scl          ; scl         ; 1.000        ; -0.039     ; 0.659      ;
+--------+------------------------------+------------------------------+--------------+-------------+--------------+------------+------------+


+-------------------------------------------------------------------------------------------------------------------------------------------+
; Slow 1200mV 0C Model Hold: 'scl'                                                                                                          ;
+-------+------------------------------+------------------------------+--------------+-------------+--------------+------------+------------+
; Slack ; From Node                    ; To Node                      ; Launch Clock ; Latch Clock ; Relationship ; Clock Skew ; Data Delay ;
+-------+------------------------------+------------------------------+--------------+-------------+--------------+------------+------------+
; 0.352 ; contM8:inst7|count[1]        ; contM8:inst7|count[1]        ; scl          ; scl         ; 0.000        ; 0.074      ; 0.597      ;
; 0.352 ; contM8:inst7|count[3]        ; contM8:inst7|count[3]        ; scl          ; scl         ; 0.000        ; 0.074      ; 0.597      ;
; 0.352 ; contM8:inst7|count[2]        ; contM8:inst7|count[2]        ; scl          ; scl         ; 0.000        ; 0.074      ; 0.597      ;
; 0.353 ; contM7:inst1|count[1]        ; contM7:inst1|count[1]        ; scl          ; scl         ; 0.000        ; 0.073      ; 0.597      ;
; 0.353 ; contM7:inst1|count[2]        ; contM7:inst1|count[2]        ; scl          ; scl         ; 0.000        ; 0.073      ; 0.597      ;
; 0.363 ; contM8:inst7|count[0]        ; contM8:inst7|count[0]        ; scl          ; scl         ; 0.000        ; 0.074      ; 0.608      ;
; 0.364 ; contM7:inst1|count[0]        ; contM7:inst1|count[0]        ; scl          ; scl         ; 0.000        ; 0.073      ; 0.608      ;
; 0.387 ; I2C:inst|fstate.Guardar_dato ; I2C:inst|fstate.Guardar_dato ; scl          ; scl         ; 0.000        ; 0.039      ; 0.597      ;
; 0.404 ; contM8:inst7|count[3]        ; contM8:inst7|count[0]        ; scl          ; scl         ; 0.000        ; 0.074      ; 0.649      ;
; 0.406 ; contM7:inst1|count[1]        ; contM7:inst1|count[2]        ; scl          ; scl         ; 0.000        ; 0.073      ; 0.650      ;
; 0.412 ; contM8:inst7|count[2]        ; contM8:inst7|findato         ; scl          ; scl         ; 0.000        ; 0.074      ; 0.657      ;
; 0.413 ; contM8:inst7|count[2]        ; contM8:inst7|count[3]        ; scl          ; scl         ; 0.000        ; 0.074      ; 0.658      ;
; 0.414 ; regsp8b:inst3|inst22         ; regsp8b:inst3|inst23         ; scl          ; scl         ; 0.000        ; 0.073      ; 0.658      ;
; 0.414 ; regsp8b:inst3|inst23         ; regsp8b:inst3|inst24         ; scl          ; scl         ; 0.000        ; 0.073      ; 0.658      ;
; 0.414 ; regsp8b:inst3|inst25         ; regsp8b:inst3|inst26         ; scl          ; scl         ; 0.000        ; 0.073      ; 0.658      ;
; 0.414 ; regsp8b:inst3|inst26         ; regsp8b:inst3|inst27         ; scl          ; scl         ; 0.000        ; 0.073      ; 0.658      ;
; 0.415 ; contM7:inst1|count[2]        ; contM7:inst1|findir          ; scl          ; scl         ; 0.000        ; 0.073      ; 0.659      ;
; 0.415 ; regsp8b:inst3|inst24         ; regsp8b:inst3|inst25         ; scl          ; scl         ; 0.000        ; 0.073      ; 0.659      ;
; 0.416 ; regsp8b:inst3|inst20         ; regsp8b:inst3|inst21         ; scl          ; scl         ; 0.000        ; 0.073      ; 0.660      ;
; 0.416 ; regsp8b:inst3|inst21         ; regsp8b:inst3|inst22         ; scl          ; scl         ; 0.000        ; 0.073      ; 0.660      ;
; 0.421 ; regsp7b:inst4|inst4          ; regsp7b:inst4|inst5          ; scl          ; scl         ; 0.000        ; 0.073      ; 0.665      ;
; 0.423 ; regsp7b:inst4|inst5          ; regsp7b:inst4|inst6          ; scl          ; scl         ; 0.000        ; 0.073      ; 0.667      ;
; 0.529 ; contM8:inst7|count[0]        ; contM8:inst7|findato         ; scl          ; scl         ; 0.000        ; 0.074      ; 0.774      ;
; 0.533 ; regsp7b:inst4|inst           ; regsp7b:inst4|inst1          ; scl          ; scl         ; 0.000        ; 0.073      ; 0.777      ;
; 0.535 ; regsp7b:inst4|inst2          ; regsp7b:inst4|inst3          ; scl          ; scl         ; 0.000        ; 0.073      ; 0.779      ;
; 0.543 ; contM7:inst1|count[0]        ; contM7:inst1|findir          ; scl          ; scl         ; 0.000        ; 0.073      ; 0.787      ;
; 0.561 ; I2C:inst|fstate.Guardar_dir  ; I2C:inst|fstate.RW           ; scl          ; scl         ; 0.000        ; 0.980      ; 1.712      ;
; 0.573 ; regsp7b:inst4|inst3          ; regsp7b:inst4|inst4          ; scl          ; scl         ; 0.000        ; 0.073      ; 0.817      ;
; 0.593 ; contM8:inst7|count[0]        ; contM8:inst7|count[1]        ; scl          ; scl         ; 0.000        ; 0.074      ; 0.838      ;
; 0.594 ; contM8:inst7|count[0]        ; contM8:inst7|count[2]        ; scl          ; scl         ; 0.000        ; 0.074      ; 0.839      ;
; 0.614 ; contM7:inst1|count[1]        ; contM7:inst1|findir          ; scl          ; scl         ; 0.000        ; 0.073      ; 0.858      ;
; 0.616 ; contM7:inst1|count[0]        ; contM7:inst1|count[2]        ; scl          ; scl         ; 0.000        ; 0.073      ; 0.860      ;
; 0.618 ; contM7:inst1|count[0]        ; contM7:inst1|count[1]        ; scl          ; scl         ; 0.000        ; 0.073      ; 0.862      ;
; 0.624 ; contM8:inst7|count[1]        ; contM8:inst7|count[3]        ; scl          ; scl         ; 0.000        ; 0.074      ; 0.869      ;
; 0.626 ; contM8:inst7|count[1]        ; contM8:inst7|count[2]        ; scl          ; scl         ; 0.000        ; 0.074      ; 0.871      ;
; 0.636 ; contM8:inst7|count[2]        ; contM8:inst7|count[0]        ; scl          ; scl         ; 0.000        ; 0.074      ; 0.881      ;
; 0.645 ; contM8:inst7|count[1]        ; contM8:inst7|count[0]        ; scl          ; scl         ; 0.000        ; 0.074      ; 0.890      ;
; 0.675 ; I2C:inst|fstate.Guardar_dato ; I2C:inst|fstate.Oscioso      ; scl          ; scl         ; 0.000        ; 0.993      ; 1.839      ;
; 0.678 ; contM8:inst7|count[3]        ; contM8:inst7|findato         ; scl          ; scl         ; 0.000        ; 0.074      ; 0.923      ;
; 0.714 ; contM8:inst7|count[1]        ; contM8:inst7|findato         ; scl          ; scl         ; 0.000        ; 0.074      ; 0.959      ;
; 0.725 ; I2C:inst|fstate.Guardar_dir  ; I2C:inst|fstate.Oscioso      ; scl          ; scl         ; 0.000        ; 0.980      ; 1.876      ;
; 0.740 ; regsp7b:inst4|inst1          ; regsp7b:inst4|inst2          ; scl          ; scl         ; 0.000        ; 0.073      ; 0.984      ;
; 0.799 ; contM8:inst7|count[0]        ; contM8:inst7|count[3]        ; scl          ; scl         ; 0.000        ; 0.074      ; 1.044      ;
; 0.978 ; I2C:inst|fstate.Guardar_dir  ; I2C:inst|fstate.Guardar_dir  ; scl          ; scl         ; 0.000        ; 0.063      ; 1.212      ;
; 1.016 ; I2C:inst|fstate.RW           ; I2C:inst|fstate.AK           ; scl          ; scl         ; 0.000        ; 0.073      ; 1.260      ;
; 1.654 ; I2C:inst|fstate.Oscioso      ; I2C:inst|fstate.Oscioso      ; scl          ; scl         ; 0.000        ; 0.073      ; 1.898      ;
; 1.992 ; I2C:inst|fstate.AK           ; I2C:inst|fstate.Guardar_dato ; scl          ; scl         ; 0.000        ; -0.828     ; 1.335      ;
; 2.004 ; contM8:inst7|findato         ; I2C:inst|fstate.Oscioso      ; scl          ; scl         ; 0.000        ; -0.735     ; 1.440      ;
; 2.073 ; contM7:inst1|findir          ; I2C:inst|fstate.RW           ; scl          ; scl         ; 0.000        ; -1.014     ; 1.230      ;
; 2.124 ; contM8:inst7|findato         ; I2C:inst|fstate.Guardar_dato ; scl          ; scl         ; 0.000        ; -1.664     ; 0.631      ;
; 2.139 ; regsp7b:inst4|inst6          ; I2C:inst|fstate.Oscioso      ; scl          ; scl         ; 0.000        ; -1.012     ; 1.298      ;
; 2.143 ; regsp7b:inst4|inst6          ; I2C:inst|fstate.RW           ; scl          ; scl         ; 0.000        ; -1.012     ; 1.302      ;
; 2.230 ; I2C:inst|fstate.Oscioso      ; I2C:inst|fstate.Guardar_dir  ; scl          ; scl         ; 0.000        ; -0.814     ; 1.587      ;
; 2.258 ; regsp7b:inst4|inst           ; I2C:inst|fstate.Oscioso      ; scl          ; scl         ; 0.000        ; -1.012     ; 1.417      ;
; 2.262 ; regsp7b:inst4|inst           ; I2C:inst|fstate.RW           ; scl          ; scl         ; 0.000        ; -1.012     ; 1.421      ;
; 2.266 ; regsp7b:inst4|inst5          ; I2C:inst|fstate.Oscioso      ; scl          ; scl         ; 0.000        ; -1.012     ; 1.425      ;
; 2.269 ; regsp7b:inst4|inst5          ; I2C:inst|fstate.RW           ; scl          ; scl         ; 0.000        ; -1.012     ; 1.428      ;
; 2.405 ; regsp7b:inst4|inst1          ; I2C:inst|fstate.Oscioso      ; scl          ; scl         ; 0.000        ; -1.012     ; 1.564      ;
; 2.408 ; regsp7b:inst4|inst1          ; I2C:inst|fstate.RW           ; scl          ; scl         ; 0.000        ; -1.012     ; 1.567      ;
; 2.411 ; regsp7b:inst4|inst4          ; I2C:inst|fstate.Oscioso      ; scl          ; scl         ; 0.000        ; -1.012     ; 1.570      ;
; 2.414 ; regsp7b:inst4|inst4          ; I2C:inst|fstate.RW           ; scl          ; scl         ; 0.000        ; -1.012     ; 1.573      ;
; 2.469 ; contM7:inst1|findir          ; I2C:inst|fstate.Oscioso      ; scl          ; scl         ; 0.000        ; -1.014     ; 1.626      ;
; 2.521 ; regsp7b:inst4|inst3          ; I2C:inst|fstate.Oscioso      ; scl          ; scl         ; 0.000        ; -1.012     ; 1.680      ;
; 2.523 ; regsp7b:inst4|inst2          ; I2C:inst|fstate.Oscioso      ; scl          ; scl         ; 0.000        ; -1.012     ; 1.682      ;
; 2.524 ; regsp7b:inst4|inst3          ; I2C:inst|fstate.RW           ; scl          ; scl         ; 0.000        ; -1.012     ; 1.683      ;
; 2.526 ; regsp7b:inst4|inst2          ; I2C:inst|fstate.RW           ; scl          ; scl         ; 0.000        ; -1.012     ; 1.685      ;
; 2.708 ; contM7:inst1|findir          ; I2C:inst|fstate.Guardar_dir  ; scl          ; scl         ; 0.000        ; -1.929     ; 0.950      ;
+-------+------------------------------+------------------------------+--------------+-------------+--------------+------------+------------+


+------------------------------------------------------------------------------------------------------------------------------------+
; Slow 1200mV 0C Model Recovery: 'scl'                                                                                               ;
+-------+------------------------------+-----------------------+--------------+-------------+--------------+------------+------------+
; Slack ; From Node                    ; To Node               ; Launch Clock ; Latch Clock ; Relationship ; Clock Skew ; Data Delay ;
+-------+------------------------------+-----------------------+--------------+-------------+--------------+------------+------------+
; 0.333 ; I2C:inst|fstate.Guardar_dato ; contM8:inst7|count[1] ; scl          ; scl         ; 1.000        ; 1.664      ; 2.330      ;
; 0.333 ; I2C:inst|fstate.Guardar_dato ; contM8:inst7|count[3] ; scl          ; scl         ; 1.000        ; 1.664      ; 2.330      ;
; 0.333 ; I2C:inst|fstate.Guardar_dato ; contM8:inst7|count[0] ; scl          ; scl         ; 1.000        ; 1.664      ; 2.330      ;
; 0.333 ; I2C:inst|fstate.Guardar_dato ; contM8:inst7|count[2] ; scl          ; scl         ; 1.000        ; 1.664      ; 2.330      ;
; 0.333 ; I2C:inst|fstate.Guardar_dato ; contM8:inst7|findato  ; scl          ; scl         ; 1.000        ; 1.664      ; 2.330      ;
; 0.682 ; I2C:inst|fstate.Guardar_dir  ; contM7:inst1|count[0] ; scl          ; scl         ; 1.000        ; 1.929      ; 2.246      ;
; 0.682 ; I2C:inst|fstate.Guardar_dir  ; contM7:inst1|count[1] ; scl          ; scl         ; 1.000        ; 1.929      ; 2.246      ;
; 0.682 ; I2C:inst|fstate.Guardar_dir  ; contM7:inst1|count[2] ; scl          ; scl         ; 1.000        ; 1.929      ; 2.246      ;
; 0.682 ; I2C:inst|fstate.Guardar_dir  ; contM7:inst1|findir   ; scl          ; scl         ; 1.000        ; 1.929      ; 2.246      ;
+-------+------------------------------+-----------------------+--------------+-------------+--------------+------------+------------+


+-------------------------------------------------------------------------------------------------------------------------------------+
; Slow 1200mV 0C Model Removal: 'scl'                                                                                                 ;
+--------+------------------------------+-----------------------+--------------+-------------+--------------+------------+------------+
; Slack  ; From Node                    ; To Node               ; Launch Clock ; Latch Clock ; Relationship ; Clock Skew ; Data Delay ;
+--------+------------------------------+-----------------------+--------------+-------------+--------------+------------+------------+
; -0.229 ; I2C:inst|fstate.Guardar_dir  ; contM7:inst1|count[0] ; scl          ; scl         ; 0.000        ; 2.142      ; 2.084      ;
; -0.229 ; I2C:inst|fstate.Guardar_dir  ; contM7:inst1|count[1] ; scl          ; scl         ; 0.000        ; 2.142      ; 2.084      ;
; -0.229 ; I2C:inst|fstate.Guardar_dir  ; contM7:inst1|count[2] ; scl          ; scl         ; 0.000        ; 2.142      ; 2.084      ;
; -0.229 ; I2C:inst|fstate.Guardar_dir  ; contM7:inst1|findir   ; scl          ; scl         ; 0.000        ; 2.142      ; 2.084      ;
; 0.187  ; I2C:inst|fstate.Guardar_dato ; contM8:inst7|count[1] ; scl          ; scl         ; 0.000        ; 1.863      ; 2.221      ;
; 0.187  ; I2C:inst|fstate.Guardar_dato ; contM8:inst7|count[3] ; scl          ; scl         ; 0.000        ; 1.863      ; 2.221      ;
; 0.187  ; I2C:inst|fstate.Guardar_dato ; contM8:inst7|count[0] ; scl          ; scl         ; 0.000        ; 1.863      ; 2.221      ;
; 0.187  ; I2C:inst|fstate.Guardar_dato ; contM8:inst7|count[2] ; scl          ; scl         ; 0.000        ; 1.863      ; 2.221      ;
; 0.187  ; I2C:inst|fstate.Guardar_dato ; contM8:inst7|findato  ; scl          ; scl         ; 0.000        ; 1.863      ; 2.221      ;
+--------+------------------------------+-----------------------+--------------+-------------+--------------+------------+------------+


+---------------------------------------------------------------------------------------------------------------+
; Slow 1200mV 0C Model Minimum Pulse Width: 'scl'                                                               ;
+--------+--------------+----------------+------------------+-------+------------+------------------------------+
; Slack  ; Actual Width ; Required Width ; Type             ; Clock ; Clock Edge ; Target                       ;
+--------+--------------+----------------+------------------+-------+------------+------------------------------+
; -3.000 ; 1.000        ; 4.000          ; Port Rate        ; scl   ; Rise       ; scl                          ;
; -1.285 ; 1.000        ; 2.285          ; Min Period       ; scl   ; Rise       ; I2C:inst|fstate.AK           ;
; -1.285 ; 1.000        ; 2.285          ; Min Period       ; scl   ; Rise       ; I2C:inst|fstate.Guardar_dato ;
; -1.285 ; 1.000        ; 2.285          ; Min Period       ; scl   ; Rise       ; I2C:inst|fstate.Guardar_dir  ;
; -1.285 ; 1.000        ; 2.285          ; Min Period       ; scl   ; Rise       ; I2C:inst|fstate.Oscioso      ;
; -1.285 ; 1.000        ; 2.285          ; Min Period       ; scl   ; Rise       ; I2C:inst|fstate.RW           ;
; -1.285 ; 1.000        ; 2.285          ; Min Period       ; scl   ; Rise       ; contM7:inst1|count[0]        ;
; -1.285 ; 1.000        ; 2.285          ; Min Period       ; scl   ; Rise       ; contM7:inst1|count[1]        ;
; -1.285 ; 1.000        ; 2.285          ; Min Period       ; scl   ; Rise       ; contM7:inst1|count[2]        ;
; -1.285 ; 1.000        ; 2.285          ; Min Period       ; scl   ; Rise       ; contM7:inst1|findir          ;
; -1.285 ; 1.000        ; 2.285          ; Min Period       ; scl   ; Rise       ; contM8:inst7|count[0]        ;
; -1.285 ; 1.000        ; 2.285          ; Min Period       ; scl   ; Rise       ; contM8:inst7|count[1]        ;
; -1.285 ; 1.000        ; 2.285          ; Min Period       ; scl   ; Rise       ; contM8:inst7|count[2]        ;
; -1.285 ; 1.000        ; 2.285          ; Min Period       ; scl   ; Rise       ; contM8:inst7|count[3]        ;
; -1.285 ; 1.000        ; 2.285          ; Min Period       ; scl   ; Rise       ; contM8:inst7|findato         ;
; -1.285 ; 1.000        ; 2.285          ; Min Period       ; scl   ; Rise       ; regsp7b:inst4|inst           ;
; -1.285 ; 1.000        ; 2.285          ; Min Period       ; scl   ; Rise       ; regsp7b:inst4|inst1          ;
; -1.285 ; 1.000        ; 2.285          ; Min Period       ; scl   ; Rise       ; regsp7b:inst4|inst2          ;
; -1.285 ; 1.000        ; 2.285          ; Min Period       ; scl   ; Rise       ; regsp7b:inst4|inst3          ;
; -1.285 ; 1.000        ; 2.285          ; Min Period       ; scl   ; Rise       ; regsp7b:inst4|inst4          ;
; -1.285 ; 1.000        ; 2.285          ; Min Period       ; scl   ; Rise       ; regsp7b:inst4|inst5          ;
; -1.285 ; 1.000        ; 2.285          ; Min Period       ; scl   ; Rise       ; regsp7b:inst4|inst6          ;
; -1.285 ; 1.000        ; 2.285          ; Min Period       ; scl   ; Rise       ; regsp8b:inst3|inst20         ;
; -1.285 ; 1.000        ; 2.285          ; Min Period       ; scl   ; Rise       ; regsp8b:inst3|inst21         ;
; -1.285 ; 1.000        ; 2.285          ; Min Period       ; scl   ; Rise       ; regsp8b:inst3|inst22         ;
; -1.285 ; 1.000        ; 2.285          ; Min Period       ; scl   ; Rise       ; regsp8b:inst3|inst23         ;
; -1.285 ; 1.000        ; 2.285          ; Min Period       ; scl   ; Rise       ; regsp8b:inst3|inst24         ;
; -1.285 ; 1.000        ; 2.285          ; Min Period       ; scl   ; Rise       ; regsp8b:inst3|inst25         ;
; -1.285 ; 1.000        ; 2.285          ; Min Period       ; scl   ; Rise       ; regsp8b:inst3|inst26         ;
; -1.285 ; 1.000        ; 2.285          ; Min Period       ; scl   ; Rise       ; regsp8b:inst3|inst27         ;
; 0.171  ; 0.357        ; 0.186          ; Low Pulse Width  ; scl   ; Rise       ; I2C:inst|fstate.Guardar_dir  ;
; 0.182  ; 0.368        ; 0.186          ; Low Pulse Width  ; scl   ; Rise       ; regsp7b:inst4|inst           ;
; 0.182  ; 0.368        ; 0.186          ; Low Pulse Width  ; scl   ; Rise       ; regsp7b:inst4|inst1          ;
; 0.182  ; 0.368        ; 0.186          ; Low Pulse Width  ; scl   ; Rise       ; regsp7b:inst4|inst2          ;
; 0.182  ; 0.368        ; 0.186          ; Low Pulse Width  ; scl   ; Rise       ; regsp7b:inst4|inst3          ;
; 0.182  ; 0.368        ; 0.186          ; Low Pulse Width  ; scl   ; Rise       ; regsp7b:inst4|inst4          ;
; 0.182  ; 0.368        ; 0.186          ; Low Pulse Width  ; scl   ; Rise       ; regsp7b:inst4|inst5          ;
; 0.182  ; 0.368        ; 0.186          ; Low Pulse Width  ; scl   ; Rise       ; regsp7b:inst4|inst6          ;
; 0.183  ; 0.369        ; 0.186          ; Low Pulse Width  ; scl   ; Rise       ; contM7:inst1|count[0]        ;
; 0.183  ; 0.369        ; 0.186          ; Low Pulse Width  ; scl   ; Rise       ; contM7:inst1|count[1]        ;
; 0.183  ; 0.369        ; 0.186          ; Low Pulse Width  ; scl   ; Rise       ; contM7:inst1|count[2]        ;
; 0.183  ; 0.369        ; 0.186          ; Low Pulse Width  ; scl   ; Rise       ; contM7:inst1|findir          ;
; 0.189  ; 0.375        ; 0.186          ; Low Pulse Width  ; scl   ; Rise       ; I2C:inst|fstate.Guardar_dato ;
; 0.236  ; 0.422        ; 0.186          ; Low Pulse Width  ; scl   ; Rise       ; regsp8b:inst3|inst20         ;
; 0.236  ; 0.422        ; 0.186          ; Low Pulse Width  ; scl   ; Rise       ; regsp8b:inst3|inst21         ;
; 0.236  ; 0.422        ; 0.186          ; Low Pulse Width  ; scl   ; Rise       ; regsp8b:inst3|inst22         ;
; 0.236  ; 0.422        ; 0.186          ; Low Pulse Width  ; scl   ; Rise       ; regsp8b:inst3|inst23         ;
; 0.236  ; 0.422        ; 0.186          ; Low Pulse Width  ; scl   ; Rise       ; regsp8b:inst3|inst24         ;
; 0.236  ; 0.422        ; 0.186          ; Low Pulse Width  ; scl   ; Rise       ; regsp8b:inst3|inst25         ;
; 0.236  ; 0.422        ; 0.186          ; Low Pulse Width  ; scl   ; Rise       ; regsp8b:inst3|inst26         ;
; 0.236  ; 0.422        ; 0.186          ; Low Pulse Width  ; scl   ; Rise       ; regsp8b:inst3|inst27         ;
; 0.237  ; 0.423        ; 0.186          ; Low Pulse Width  ; scl   ; Rise       ; contM8:inst7|count[0]        ;
; 0.237  ; 0.423        ; 0.186          ; Low Pulse Width  ; scl   ; Rise       ; contM8:inst7|count[1]        ;
; 0.237  ; 0.423        ; 0.186          ; Low Pulse Width  ; scl   ; Rise       ; contM8:inst7|count[2]        ;
; 0.237  ; 0.423        ; 0.186          ; Low Pulse Width  ; scl   ; Rise       ; contM8:inst7|count[3]        ;
; 0.237  ; 0.423        ; 0.186          ; Low Pulse Width  ; scl   ; Rise       ; contM8:inst7|findato         ;
; 0.259  ; 0.445        ; 0.186          ; Low Pulse Width  ; scl   ; Rise       ; I2C:inst|fstate.AK           ;
; 0.259  ; 0.445        ; 0.186          ; Low Pulse Width  ; scl   ; Rise       ; I2C:inst|fstate.Oscioso      ;
; 0.259  ; 0.445        ; 0.186          ; Low Pulse Width  ; scl   ; Rise       ; I2C:inst|fstate.RW           ;
; 0.312  ; 0.312        ; 0.000          ; Low Pulse Width  ; scl   ; Rise       ; inst14|datac                 ;
; 0.317  ; 0.317        ; 0.000          ; Low Pulse Width  ; scl   ; Rise       ; inst|fstate.Guardar_dir|clk  ;
; 0.323  ; 0.323        ; 0.000          ; Low Pulse Width  ; scl   ; Rise       ; inst14|combout               ;
; 0.323  ; 0.323        ; 0.000          ; Low Pulse Width  ; scl   ; Rise       ; inst14~clkctrl|inclk[0]      ;
; 0.323  ; 0.323        ; 0.000          ; Low Pulse Width  ; scl   ; Rise       ; inst14~clkctrl|outclk        ;
; 0.328  ; 0.328        ; 0.000          ; Low Pulse Width  ; scl   ; Rise       ; inst4|inst1|clk              ;
; 0.328  ; 0.328        ; 0.000          ; Low Pulse Width  ; scl   ; Rise       ; inst4|inst2|clk              ;
; 0.328  ; 0.328        ; 0.000          ; Low Pulse Width  ; scl   ; Rise       ; inst4|inst3|clk              ;
; 0.328  ; 0.328        ; 0.000          ; Low Pulse Width  ; scl   ; Rise       ; inst4|inst4|clk              ;
; 0.328  ; 0.328        ; 0.000          ; Low Pulse Width  ; scl   ; Rise       ; inst4|inst5|clk              ;
; 0.328  ; 0.328        ; 0.000          ; Low Pulse Width  ; scl   ; Rise       ; inst4|inst6|clk              ;
; 0.328  ; 0.328        ; 0.000          ; Low Pulse Width  ; scl   ; Rise       ; inst4|inst|clk               ;
; 0.329  ; 0.329        ; 0.000          ; Low Pulse Width  ; scl   ; Rise       ; inst1|count[0]|clk           ;
; 0.329  ; 0.329        ; 0.000          ; Low Pulse Width  ; scl   ; Rise       ; inst1|count[1]|clk           ;
; 0.329  ; 0.329        ; 0.000          ; Low Pulse Width  ; scl   ; Rise       ; inst1|count[2]|clk           ;
; 0.329  ; 0.329        ; 0.000          ; Low Pulse Width  ; scl   ; Rise       ; inst1|findir|clk             ;
; 0.335  ; 0.553        ; 0.218          ; High Pulse Width ; scl   ; Rise       ; I2C:inst|fstate.AK           ;
; 0.335  ; 0.553        ; 0.218          ; High Pulse Width ; scl   ; Rise       ; I2C:inst|fstate.Oscioso      ;
; 0.335  ; 0.553        ; 0.218          ; High Pulse Width ; scl   ; Rise       ; I2C:inst|fstate.RW           ;
; 0.335  ; 0.335        ; 0.000          ; Low Pulse Width  ; scl   ; Rise       ; inst|fstate.Guardar_dato|clk ;
; 0.346  ; 0.346        ; 0.000          ; Low Pulse Width  ; scl   ; Rise       ; inst6|datad                  ;
; 0.359  ; 0.577        ; 0.218          ; High Pulse Width ; scl   ; Rise       ; contM8:inst7|count[0]        ;
; 0.359  ; 0.577        ; 0.218          ; High Pulse Width ; scl   ; Rise       ; contM8:inst7|count[1]        ;
; 0.359  ; 0.577        ; 0.218          ; High Pulse Width ; scl   ; Rise       ; contM8:inst7|count[2]        ;
; 0.359  ; 0.577        ; 0.218          ; High Pulse Width ; scl   ; Rise       ; contM8:inst7|count[3]        ;
; 0.359  ; 0.577        ; 0.218          ; High Pulse Width ; scl   ; Rise       ; contM8:inst7|findato         ;
; 0.359  ; 0.577        ; 0.218          ; High Pulse Width ; scl   ; Rise       ; regsp8b:inst3|inst20         ;
; 0.359  ; 0.577        ; 0.218          ; High Pulse Width ; scl   ; Rise       ; regsp8b:inst3|inst21         ;
; 0.359  ; 0.577        ; 0.218          ; High Pulse Width ; scl   ; Rise       ; regsp8b:inst3|inst22         ;
; 0.359  ; 0.577        ; 0.218          ; High Pulse Width ; scl   ; Rise       ; regsp8b:inst3|inst23         ;
; 0.359  ; 0.577        ; 0.218          ; High Pulse Width ; scl   ; Rise       ; regsp8b:inst3|inst24         ;
; 0.359  ; 0.577        ; 0.218          ; High Pulse Width ; scl   ; Rise       ; regsp8b:inst3|inst25         ;
; 0.359  ; 0.577        ; 0.218          ; High Pulse Width ; scl   ; Rise       ; regsp8b:inst3|inst26         ;
; 0.359  ; 0.577        ; 0.218          ; High Pulse Width ; scl   ; Rise       ; regsp8b:inst3|inst27         ;
; 0.377  ; 0.377        ; 0.000          ; Low Pulse Width  ; scl   ; Rise       ; inst6~clkctrl|inclk[0]       ;
; 0.377  ; 0.377        ; 0.000          ; Low Pulse Width  ; scl   ; Rise       ; inst6~clkctrl|outclk         ;
; 0.380  ; 0.380        ; 0.000          ; Low Pulse Width  ; scl   ; Rise       ; inst6|combout                ;
; 0.382  ; 0.382        ; 0.000          ; Low Pulse Width  ; scl   ; Rise       ; inst3|inst20|clk             ;
; 0.382  ; 0.382        ; 0.000          ; Low Pulse Width  ; scl   ; Rise       ; inst3|inst21|clk             ;
; 0.382  ; 0.382        ; 0.000          ; Low Pulse Width  ; scl   ; Rise       ; inst3|inst22|clk             ;
; 0.382  ; 0.382        ; 0.000          ; Low Pulse Width  ; scl   ; Rise       ; inst3|inst23|clk             ;
+--------+--------------+----------------+------------------+-------+------------+------------------------------+


+-----------------------------------------------------------------------+
; Setup Times                                                           ;
+-----------+------------+-------+-------+------------+-----------------+
; Data Port ; Clock Port ; Rise  ; Fall  ; Clock Edge ; Clock Reference ;
+-----------+------------+-------+-------+------------+-----------------+
; B1        ; scl        ; 1.449 ; 1.738 ; Rise       ; scl             ;
; B2        ; scl        ; 2.064 ; 2.321 ; Rise       ; scl             ;
; B3        ; scl        ; 2.310 ; 2.585 ; Rise       ; scl             ;
; B4        ; scl        ; 2.430 ; 2.727 ; Rise       ; scl             ;
; B5        ; scl        ; 2.340 ; 2.630 ; Rise       ; scl             ;
; B6        ; scl        ; 1.786 ; 2.097 ; Rise       ; scl             ;
; B7        ; scl        ; 2.158 ; 2.450 ; Rise       ; scl             ;
; rst       ; scl        ; 2.023 ; 2.261 ; Rise       ; scl             ;
; sda       ; scl        ; 2.666 ; 2.954 ; Rise       ; scl             ;
+-----------+------------+-------+-------+------------+-----------------+


+-------------------------------------------------------------------------+
; Hold Times                                                              ;
+-----------+------------+--------+--------+------------+-----------------+
; Data Port ; Clock Port ; Rise   ; Fall   ; Clock Edge ; Clock Reference ;
+-----------+------------+--------+--------+------------+-----------------+
; B1        ; scl        ; -0.957 ; -1.266 ; Rise       ; scl             ;
; B2        ; scl        ; -1.587 ; -1.793 ; Rise       ; scl             ;
; B3        ; scl        ; -1.770 ; -2.079 ; Rise       ; scl             ;
; B4        ; scl        ; -1.886 ; -2.204 ; Rise       ; scl             ;
; B5        ; scl        ; -1.855 ; -2.086 ; Rise       ; scl             ;
; B6        ; scl        ; -1.341 ; -1.607 ; Rise       ; scl             ;
; B7        ; scl        ; -1.672 ; -1.940 ; Rise       ; scl             ;
; rst       ; scl        ; -0.684 ; -0.923 ; Rise       ; scl             ;
; sda       ; scl        ; 0.415  ; 0.159  ; Rise       ; scl             ;
+-----------+------------+--------+--------+------------+-----------------+


+-----------------------------------------------------------------------+
; Clock to Output Times                                                 ;
+-----------+------------+-------+-------+------------+-----------------+
; Data Port ; Clock Port ; Rise  ; Fall  ; Clock Edge ; Clock Reference ;
+-----------+------------+-------+-------+------------+-----------------+
; A1        ; scl        ; 7.511 ; 7.500 ; Rise       ; scl             ;
; A2        ; scl        ; 7.554 ; 7.547 ; Rise       ; scl             ;
; A3        ; scl        ; 7.113 ; 7.084 ; Rise       ; scl             ;
; A4        ; scl        ; 6.932 ; 6.935 ; Rise       ; scl             ;
; A5        ; scl        ; 7.447 ; 7.424 ; Rise       ; scl             ;
; A6        ; scl        ; 7.289 ; 7.306 ; Rise       ; scl             ;
; A7        ; scl        ; 8.683 ; 8.720 ; Rise       ; scl             ;
; C7[*]     ; scl        ; 7.388 ; 7.359 ; Rise       ; scl             ;
;  C7[0]    ; scl        ; 7.221 ; 7.200 ; Rise       ; scl             ;
;  C7[1]    ; scl        ; 7.336 ; 7.321 ; Rise       ; scl             ;
;  C7[2]    ; scl        ; 7.388 ; 7.359 ; Rise       ; scl             ;
; C8[*]     ; scl        ; 6.814 ; 6.777 ; Rise       ; scl             ;
;  C8[0]    ; scl        ; 6.679 ; 6.683 ; Rise       ; scl             ;
;  C8[1]    ; scl        ; 6.631 ; 6.635 ; Rise       ; scl             ;
;  C8[2]    ; scl        ; 6.650 ; 6.655 ; Rise       ; scl             ;
;  C8[3]    ; scl        ; 6.814 ; 6.777 ; Rise       ; scl             ;
; E1        ; scl        ; 7.223 ; 7.188 ; Rise       ; scl             ;
; E2        ; scl        ; 7.363 ; 7.321 ; Rise       ; scl             ;
; E3        ; scl        ; 6.616 ; 6.660 ; Rise       ; scl             ;
; HAB_DAT   ; scl        ; 7.988 ; 7.935 ; Rise       ; scl             ;
; HAB_DIR   ; scl        ; 5.499 ; 5.560 ; Rise       ; scl             ;
; ffin_dir  ; scl        ; 7.103 ; 7.070 ; Rise       ; scl             ;
; q0        ; scl        ; 6.981 ; 6.992 ; Rise       ; scl             ;
; q1        ; scl        ; 6.615 ; 6.618 ; Rise       ; scl             ;
; q2        ; scl        ; 6.655 ; 6.658 ; Rise       ; scl             ;
; q3        ; scl        ; 6.994 ; 6.975 ; Rise       ; scl             ;
; q4        ; scl        ; 6.975 ; 6.952 ; Rise       ; scl             ;
; q5        ; scl        ; 6.646 ; 6.649 ; Rise       ; scl             ;
; q6        ; scl        ; 6.631 ; 6.635 ; Rise       ; scl             ;
; q7        ; scl        ; 6.959 ; 6.954 ; Rise       ; scl             ;
; ssoy      ; scl        ; 8.507 ; 8.593 ; Rise       ; scl             ;
+-----------+------------+-------+-------+------------+-----------------+


+-----------------------------------------------------------------------+
; Minimum Clock to Output Times                                         ;
+-----------+------------+-------+-------+------------+-----------------+
; Data Port ; Clock Port ; Rise  ; Fall  ; Clock Edge ; Clock Reference ;
+-----------+------------+-------+-------+------------+-----------------+
; A1        ; scl        ; 7.324 ; 7.313 ; Rise       ; scl             ;
; A2        ; scl        ; 7.365 ; 7.358 ; Rise       ; scl             ;
; A3        ; scl        ; 6.936 ; 6.908 ; Rise       ; scl             ;
; A4        ; scl        ; 6.767 ; 6.769 ; Rise       ; scl             ;
; A5        ; scl        ; 7.262 ; 7.240 ; Rise       ; scl             ;
; A6        ; scl        ; 7.110 ; 7.126 ; Rise       ; scl             ;
; A7        ; scl        ; 8.498 ; 8.538 ; Rise       ; scl             ;
; C7[*]     ; scl        ; 7.040 ; 7.020 ; Rise       ; scl             ;
;  C7[0]    ; scl        ; 7.040 ; 7.020 ; Rise       ; scl             ;
;  C7[1]    ; scl        ; 7.155 ; 7.140 ; Rise       ; scl             ;
;  C7[2]    ; scl        ; 7.206 ; 7.178 ; Rise       ; scl             ;
; C8[*]     ; scl        ; 6.479 ; 6.483 ; Rise       ; scl             ;
;  C8[0]    ; scl        ; 6.527 ; 6.530 ; Rise       ; scl             ;
;  C8[1]    ; scl        ; 6.479 ; 6.483 ; Rise       ; scl             ;
;  C8[2]    ; scl        ; 6.498 ; 6.502 ; Rise       ; scl             ;
;  C8[3]    ; scl        ; 6.656 ; 6.620 ; Rise       ; scl             ;
; E1        ; scl        ; 5.928 ; 5.907 ; Rise       ; scl             ;
; E2        ; scl        ; 7.097 ; 6.991 ; Rise       ; scl             ;
; E3        ; scl        ; 6.462 ; 6.506 ; Rise       ; scl             ;
; HAB_DAT   ; scl        ; 7.834 ; 7.782 ; Rise       ; scl             ;
; HAB_DIR   ; scl        ; 5.390 ; 5.450 ; Rise       ; scl             ;
; ffin_dir  ; scl        ; 6.932 ; 6.900 ; Rise       ; scl             ;
; q0        ; scl        ; 6.817 ; 6.828 ; Rise       ; scl             ;
; q1        ; scl        ; 6.464 ; 6.466 ; Rise       ; scl             ;
; q2        ; scl        ; 6.504 ; 6.507 ; Rise       ; scl             ;
; q3        ; scl        ; 6.830 ; 6.811 ; Rise       ; scl             ;
; q4        ; scl        ; 6.812 ; 6.790 ; Rise       ; scl             ;
; q5        ; scl        ; 6.495 ; 6.498 ; Rise       ; scl             ;
; q6        ; scl        ; 6.481 ; 6.484 ; Rise       ; scl             ;
; q7        ; scl        ; 6.796 ; 6.791 ; Rise       ; scl             ;
; ssoy      ; scl        ; 7.802 ; 7.943 ; Rise       ; scl             ;
+-----------+------------+-------+-------+------------+-----------------+


+----------------------------------------------------------+
; Propagation Delay                                        ;
+------------+-------------+-------+-------+-------+-------+
; Input Port ; Output Port ; RR    ; RF    ; FR    ; FF    ;
+------------+-------------+-------+-------+-------+-------+
; B1         ; ssoy        ; 6.843 ; 6.983 ; 7.144 ; 7.258 ;
; B2         ; ssoy        ; 7.457 ; 7.598 ; 7.727 ; 7.806 ;
; B3         ; ssoy        ; 7.716 ; 7.827 ; 7.991 ; 8.085 ;
; B4         ; ssoy        ; 7.836 ; 7.951 ; 8.133 ; 8.222 ;
; B5         ; ssoy        ; 7.742 ; 7.874 ; 8.036 ; 8.118 ;
; B6         ; ssoy        ; 7.192 ; 7.310 ; 7.503 ; 7.587 ;
; B7         ; ssoy        ; 7.535 ; 7.692 ; 7.856 ; 7.963 ;
; rst        ; E1          ;       ; 6.460 ; 6.800 ;       ;
; rst        ; E2          ;       ; 6.773 ; 7.089 ;       ;
; rst        ; E3          ;       ; 7.483 ; 7.642 ;       ;
; rst        ; HAB_DAT     ;       ; 8.758 ; 9.014 ;       ;
; rst        ; HAB_DIR     ;       ; 6.119 ; 6.387 ;       ;
; rst        ; sda         ; 6.986 ; 6.986 ; 7.344 ; 7.343 ;
+------------+-------------+-------+-------+-------+-------+


+----------------------------------------------------------+
; Minimum Propagation Delay                                ;
+------------+-------------+-------+-------+-------+-------+
; Input Port ; Output Port ; RR    ; RF    ; FR    ; FF    ;
+------------+-------------+-------+-------+-------+-------+
; B1         ; ssoy        ; 6.666 ; 6.750 ; 6.929 ; 7.071 ;
; B2         ; ssoy        ; 7.262 ; 7.380 ; 7.530 ; 7.586 ;
; B3         ; ssoy        ; 7.500 ; 7.563 ; 7.743 ; 7.872 ;
; B4         ; ssoy        ; 7.620 ; 7.679 ; 7.880 ; 7.997 ;
; B5         ; ssoy        ; 7.532 ; 7.648 ; 7.820 ; 7.879 ;
; B6         ; ssoy        ; 7.023 ; 7.134 ; 7.320 ; 7.400 ;
; B7         ; ssoy        ; 7.335 ; 7.476 ; 7.649 ; 7.733 ;
; rst        ; E1          ;       ; 6.319 ; 6.645 ;       ;
; rst        ; E2          ;       ; 6.554 ; 6.844 ;       ;
; rst        ; E3          ;       ; 7.245 ; 7.392 ;       ;
; rst        ; HAB_DAT     ;       ; 8.521 ; 8.764 ;       ;
; rst        ; HAB_DIR     ;       ; 5.932 ; 6.179 ;       ;
; rst        ; sda         ; 6.677 ; 6.572 ; 6.900 ; 6.900 ;
+------------+-------------+-------+-------+-------+-------+


+-----------------------------------------------------------------------+
; Output Enable Times                                                   ;
+-----------+------------+-------+-------+------------+-----------------+
; Data Port ; Clock Port ; Rise  ; Fall  ; Clock Edge ; Clock Reference ;
+-----------+------------+-------+-------+------------+-----------------+
; sda       ; scl        ; 6.754 ; 6.753 ; Rise       ; scl             ;
+-----------+------------+-------+-------+------------+-----------------+


+-----------------------------------------------------------------------+
; Minimum Output Enable Times                                           ;
+-----------+------------+-------+-------+------------+-----------------+
; Data Port ; Clock Port ; Rise  ; Fall  ; Clock Edge ; Clock Reference ;
+-----------+------------+-------+-------+------------+-----------------+
; sda       ; scl        ; 6.364 ; 6.364 ; Rise       ; scl             ;
+-----------+------------+-------+-------+------------+-----------------+


+-------------------------------------------------------------------------------+
; Output Disable Times                                                          ;
+-----------+------------+-----------+-----------+------------+-----------------+
; Data Port ; Clock Port ; 0 to Hi-Z ; 1 to Hi-Z ; Clock Edge ; Clock Reference ;
+-----------+------------+-----------+-----------+------------+-----------------+
; sda       ; scl        ; 6.690     ; 6.690     ; Rise       ; scl             ;
+-----------+------------+-----------+-----------+------------+-----------------+


+-------------------------------------------------------------------------------+
; Minimum Output Disable Times                                                  ;
+-----------+------------+-----------+-----------+------------+-----------------+
; Data Port ; Clock Port ; 0 to Hi-Z ; 1 to Hi-Z ; Clock Edge ; Clock Reference ;
+-----------+------------+-----------+-----------+------------+-----------------+
; sda       ; scl        ; 6.302     ; 6.407     ; Rise       ; scl             ;
+-----------+------------+-----------+-----------+------------+-----------------+


---------------------------------------------
; Slow 1200mV 0C Model Metastability Report ;
---------------------------------------------
No synchronizer chains to report.


+------------------------------------+
; Fast 1200mV 0C Model Setup Summary ;
+-------+--------+-------------------+
; Clock ; Slack  ; End Point TNS     ;
+-------+--------+-------------------+
; scl   ; -0.811 ; -2.623            ;
+-------+--------+-------------------+


+-----------------------------------+
; Fast 1200mV 0C Model Hold Summary ;
+-------+-------+-------------------+
; Clock ; Slack ; End Point TNS     ;
+-------+-------+-------------------+
; scl   ; 0.155 ; 0.000             ;
+-------+-------+-------------------+


+---------------------------------------+
; Fast 1200mV 0C Model Recovery Summary ;
+-------+-------+-----------------------+
; Clock ; Slack ; End Point TNS         ;
+-------+-------+-----------------------+
; scl   ; 0.764 ; 0.000                 ;
+-------+-------+-----------------------+


+--------------------------------------+
; Fast 1200mV 0C Model Removal Summary ;
+-------+--------+---------------------+
; Clock ; Slack  ; End Point TNS       ;
+-------+--------+---------------------+
; scl   ; -0.239 ; -1.131              ;
+-------+--------+---------------------+


+--------------------------------------------------+
; Fast 1200mV 0C Model Minimum Pulse Width Summary ;
+-------+--------+---------------------------------+
; Clock ; Slack  ; End Point TNS                   ;
+-------+--------+---------------------------------+
; scl   ; -3.000 ; -34.014                         ;
+-------+--------+---------------------------------+


+--------------------------------------------------------------------------------------------------------------------------------------------+
; Fast 1200mV 0C Model Setup: 'scl'                                                                                                          ;
+--------+------------------------------+------------------------------+--------------+-------------+--------------+------------+------------+
; Slack  ; From Node                    ; To Node                      ; Launch Clock ; Latch Clock ; Relationship ; Clock Skew ; Data Delay ;
+--------+------------------------------+------------------------------+--------------+-------------+--------------+------------+------------+
; -0.811 ; contM7:inst1|findir          ; I2C:inst|fstate.Guardar_dir  ; scl          ; scl         ; 1.000        ; -1.256     ; 0.542      ;
; -0.661 ; regsp7b:inst4|inst3          ; I2C:inst|fstate.RW           ; scl          ; scl         ; 1.000        ; -0.671     ; 0.977      ;
; -0.659 ; regsp7b:inst4|inst3          ; I2C:inst|fstate.Oscioso      ; scl          ; scl         ; 1.000        ; -0.671     ; 0.975      ;
; -0.657 ; regsp7b:inst4|inst2          ; I2C:inst|fstate.RW           ; scl          ; scl         ; 1.000        ; -0.671     ; 0.973      ;
; -0.655 ; regsp7b:inst4|inst2          ; I2C:inst|fstate.Oscioso      ; scl          ; scl         ; 1.000        ; -0.671     ; 0.971      ;
; -0.635 ; contM7:inst1|findir          ; I2C:inst|fstate.Oscioso      ; scl          ; scl         ; 1.000        ; -0.673     ; 0.949      ;
; -0.587 ; regsp7b:inst4|inst4          ; I2C:inst|fstate.RW           ; scl          ; scl         ; 1.000        ; -0.671     ; 0.903      ;
; -0.585 ; regsp7b:inst4|inst4          ; I2C:inst|fstate.Oscioso      ; scl          ; scl         ; 1.000        ; -0.671     ; 0.901      ;
; -0.577 ; regsp7b:inst4|inst1          ; I2C:inst|fstate.RW           ; scl          ; scl         ; 1.000        ; -0.671     ; 0.893      ;
; -0.575 ; regsp7b:inst4|inst1          ; I2C:inst|fstate.Oscioso      ; scl          ; scl         ; 1.000        ; -0.671     ; 0.891      ;
; -0.572 ; I2C:inst|fstate.Oscioso      ; I2C:inst|fstate.Guardar_dir  ; scl          ; scl         ; 1.000        ; -0.645     ; 0.914      ;
; -0.506 ; regsp7b:inst4|inst           ; I2C:inst|fstate.RW           ; scl          ; scl         ; 1.000        ; -0.671     ; 0.822      ;
; -0.504 ; regsp7b:inst4|inst           ; I2C:inst|fstate.Oscioso      ; scl          ; scl         ; 1.000        ; -0.671     ; 0.820      ;
; -0.501 ; regsp7b:inst4|inst5          ; I2C:inst|fstate.RW           ; scl          ; scl         ; 1.000        ; -0.671     ; 0.817      ;
; -0.499 ; regsp7b:inst4|inst5          ; I2C:inst|fstate.Oscioso      ; scl          ; scl         ; 1.000        ; -0.671     ; 0.815      ;
; -0.492 ; contM8:inst7|findato         ; I2C:inst|fstate.Guardar_dato ; scl          ; scl         ; 1.000        ; -1.103     ; 0.376      ;
; -0.486 ; I2C:inst|fstate.AK           ; I2C:inst|fstate.Guardar_dato ; scl          ; scl         ; 1.000        ; -0.651     ; 0.822      ;
; -0.425 ; regsp7b:inst4|inst6          ; I2C:inst|fstate.RW           ; scl          ; scl         ; 1.000        ; -0.671     ; 0.741      ;
; -0.423 ; regsp7b:inst4|inst6          ; I2C:inst|fstate.Oscioso      ; scl          ; scl         ; 1.000        ; -0.671     ; 0.739      ;
; -0.410 ; contM7:inst1|findir          ; I2C:inst|fstate.RW           ; scl          ; scl         ; 1.000        ; -0.673     ; 0.724      ;
; -0.353 ; contM8:inst7|findato         ; I2C:inst|fstate.Oscioso      ; scl          ; scl         ; 1.000        ; -0.514     ; 0.826      ;
; -0.123 ; I2C:inst|fstate.Oscioso      ; I2C:inst|fstate.Oscioso      ; scl          ; scl         ; 1.000        ; -0.042     ; 1.068      ;
; 0.219  ; I2C:inst|fstate.Guardar_dir  ; I2C:inst|fstate.Guardar_dir  ; scl          ; scl         ; 1.000        ; -0.037     ; 0.731      ;
; 0.233  ; I2C:inst|fstate.RW           ; I2C:inst|fstate.AK           ; scl          ; scl         ; 1.000        ; -0.042     ; 0.712      ;
; 0.322  ; contM8:inst7|count[0]        ; contM8:inst7|count[3]        ; scl          ; scl         ; 1.000        ; -0.043     ; 0.622      ;
; 0.374  ; contM8:inst7|count[1]        ; contM8:inst7|findato         ; scl          ; scl         ; 1.000        ; -0.043     ; 0.570      ;
; 0.376  ; contM7:inst1|count[0]        ; contM7:inst1|count[1]        ; scl          ; scl         ; 1.000        ; -0.043     ; 0.568      ;
; 0.395  ; contM8:inst7|count[1]        ; contM8:inst7|count[3]        ; scl          ; scl         ; 1.000        ; -0.043     ; 0.549      ;
; 0.400  ; contM8:inst7|count[1]        ; contM8:inst7|count[2]        ; scl          ; scl         ; 1.000        ; -0.043     ; 0.544      ;
; 0.401  ; contM8:inst7|count[3]        ; contM8:inst7|findato         ; scl          ; scl         ; 1.000        ; -0.043     ; 0.543      ;
; 0.409  ; contM7:inst1|count[0]        ; contM7:inst1|count[2]        ; scl          ; scl         ; 1.000        ; -0.043     ; 0.535      ;
; 0.412  ; regsp7b:inst4|inst1          ; regsp7b:inst4|inst2          ; scl          ; scl         ; 1.000        ; -0.042     ; 0.533      ;
; 0.415  ; contM8:inst7|count[1]        ; contM8:inst7|count[0]        ; scl          ; scl         ; 1.000        ; -0.043     ; 0.529      ;
; 0.418  ; contM7:inst1|count[1]        ; contM7:inst1|findir          ; scl          ; scl         ; 1.000        ; -0.043     ; 0.526      ;
; 0.424  ; I2C:inst|fstate.Guardar_dir  ; I2C:inst|fstate.Oscioso      ; scl          ; scl         ; 1.000        ; 0.545      ; 1.108      ;
; 0.428  ; contM8:inst7|count[2]        ; contM8:inst7|count[0]        ; scl          ; scl         ; 1.000        ; -0.043     ; 0.516      ;
; 0.460  ; contM8:inst7|count[0]        ; contM8:inst7|count[1]        ; scl          ; scl         ; 1.000        ; -0.043     ; 0.484      ;
; 0.460  ; contM8:inst7|count[0]        ; contM8:inst7|count[2]        ; scl          ; scl         ; 1.000        ; -0.043     ; 0.484      ;
; 0.471  ; contM7:inst1|count[0]        ; contM7:inst1|findir          ; scl          ; scl         ; 1.000        ; -0.043     ; 0.473      ;
; 0.479  ; regsp7b:inst4|inst2          ; regsp7b:inst4|inst3          ; scl          ; scl         ; 1.000        ; -0.042     ; 0.466      ;
; 0.482  ; regsp7b:inst4|inst           ; regsp7b:inst4|inst1          ; scl          ; scl         ; 1.000        ; -0.042     ; 0.463      ;
; 0.490  ; regsp7b:inst4|inst3          ; regsp7b:inst4|inst4          ; scl          ; scl         ; 1.000        ; -0.042     ; 0.455      ;
; 0.493  ; I2C:inst|fstate.Guardar_dato ; I2C:inst|fstate.Oscioso      ; scl          ; scl         ; 1.000        ; 0.551      ; 1.045      ;
; 0.501  ; contM8:inst7|count[0]        ; contM8:inst7|findato         ; scl          ; scl         ; 1.000        ; -0.043     ; 0.443      ;
; 0.509  ; I2C:inst|fstate.Guardar_dir  ; I2C:inst|fstate.RW           ; scl          ; scl         ; 1.000        ; 0.545      ; 1.023      ;
; 0.547  ; contM8:inst7|count[2]        ; contM8:inst7|count[3]        ; scl          ; scl         ; 1.000        ; -0.043     ; 0.397      ;
; 0.553  ; contM8:inst7|count[2]        ; contM8:inst7|findato         ; scl          ; scl         ; 1.000        ; -0.043     ; 0.391      ;
; 0.554  ; contM7:inst1|count[1]        ; contM7:inst1|count[2]        ; scl          ; scl         ; 1.000        ; -0.043     ; 0.390      ;
; 0.555  ; regsp7b:inst4|inst4          ; regsp7b:inst4|inst5          ; scl          ; scl         ; 1.000        ; -0.042     ; 0.390      ;
; 0.555  ; regsp7b:inst4|inst5          ; regsp7b:inst4|inst6          ; scl          ; scl         ; 1.000        ; -0.042     ; 0.390      ;
; 0.558  ; contM8:inst7|count[3]        ; contM8:inst7|count[0]        ; scl          ; scl         ; 1.000        ; -0.043     ; 0.386      ;
; 0.559  ; contM7:inst1|count[2]        ; contM7:inst1|findir          ; scl          ; scl         ; 1.000        ; -0.043     ; 0.385      ;
; 0.560  ; regsp8b:inst3|inst21         ; regsp8b:inst3|inst22         ; scl          ; scl         ; 1.000        ; -0.041     ; 0.386      ;
; 0.561  ; regsp8b:inst3|inst24         ; regsp8b:inst3|inst25         ; scl          ; scl         ; 1.000        ; -0.041     ; 0.385      ;
; 0.562  ; regsp8b:inst3|inst20         ; regsp8b:inst3|inst21         ; scl          ; scl         ; 1.000        ; -0.041     ; 0.384      ;
; 0.562  ; regsp8b:inst3|inst23         ; regsp8b:inst3|inst24         ; scl          ; scl         ; 1.000        ; -0.041     ; 0.384      ;
; 0.562  ; regsp8b:inst3|inst25         ; regsp8b:inst3|inst26         ; scl          ; scl         ; 1.000        ; -0.041     ; 0.384      ;
; 0.563  ; regsp8b:inst3|inst22         ; regsp8b:inst3|inst23         ; scl          ; scl         ; 1.000        ; -0.041     ; 0.383      ;
; 0.563  ; regsp8b:inst3|inst26         ; regsp8b:inst3|inst27         ; scl          ; scl         ; 1.000        ; -0.041     ; 0.383      ;
; 0.585  ; contM7:inst1|count[0]        ; contM7:inst1|count[0]        ; scl          ; scl         ; 1.000        ; -0.043     ; 0.359      ;
; 0.585  ; contM7:inst1|count[1]        ; contM7:inst1|count[1]        ; scl          ; scl         ; 1.000        ; -0.043     ; 0.359      ;
; 0.585  ; contM7:inst1|count[2]        ; contM7:inst1|count[2]        ; scl          ; scl         ; 1.000        ; -0.043     ; 0.359      ;
; 0.585  ; contM8:inst7|count[3]        ; contM8:inst7|count[3]        ; scl          ; scl         ; 1.000        ; -0.043     ; 0.359      ;
; 0.585  ; contM8:inst7|count[2]        ; contM8:inst7|count[2]        ; scl          ; scl         ; 1.000        ; -0.043     ; 0.359      ;
; 0.585  ; contM8:inst7|count[0]        ; contM8:inst7|count[0]        ; scl          ; scl         ; 1.000        ; -0.043     ; 0.359      ;
; 0.585  ; contM8:inst7|count[1]        ; contM8:inst7|count[1]        ; scl          ; scl         ; 1.000        ; -0.043     ; 0.359      ;
; 0.615  ; I2C:inst|fstate.Guardar_dato ; I2C:inst|fstate.Guardar_dato ; scl          ; scl         ; 1.000        ; -0.022     ; 0.350      ;
+--------+------------------------------+------------------------------+--------------+-------------+--------------+------------+------------+


+-------------------------------------------------------------------------------------------------------------------------------------------+
; Fast 1200mV 0C Model Hold: 'scl'                                                                                                          ;
+-------+------------------------------+------------------------------+--------------+-------------+--------------+------------+------------+
; Slack ; From Node                    ; To Node                      ; Launch Clock ; Latch Clock ; Relationship ; Clock Skew ; Data Delay ;
+-------+------------------------------+------------------------------+--------------+-------------+--------------+------------+------------+
; 0.155 ; I2C:inst|fstate.Guardar_dir  ; I2C:inst|fstate.RW           ; scl          ; scl         ; 0.000        ; 0.645      ; 0.884      ;
; 0.180 ; contM7:inst1|count[1]        ; contM7:inst1|count[1]        ; scl          ; scl         ; 0.000        ; 0.043      ; 0.307      ;
; 0.180 ; contM7:inst1|count[2]        ; contM7:inst1|count[2]        ; scl          ; scl         ; 0.000        ; 0.043      ; 0.307      ;
; 0.180 ; contM8:inst7|count[1]        ; contM8:inst7|count[1]        ; scl          ; scl         ; 0.000        ; 0.043      ; 0.307      ;
; 0.180 ; contM8:inst7|count[3]        ; contM8:inst7|count[3]        ; scl          ; scl         ; 0.000        ; 0.043      ; 0.307      ;
; 0.180 ; contM8:inst7|count[2]        ; contM8:inst7|count[2]        ; scl          ; scl         ; 0.000        ; 0.043      ; 0.307      ;
; 0.186 ; I2C:inst|fstate.Guardar_dato ; I2C:inst|fstate.Oscioso      ; scl          ; scl         ; 0.000        ; 0.651      ; 0.921      ;
; 0.187 ; contM7:inst1|count[0]        ; contM7:inst1|count[0]        ; scl          ; scl         ; 0.000        ; 0.043      ; 0.314      ;
; 0.187 ; contM8:inst7|count[0]        ; contM8:inst7|count[0]        ; scl          ; scl         ; 0.000        ; 0.043      ; 0.314      ;
; 0.198 ; contM7:inst1|count[2]        ; contM7:inst1|findir          ; scl          ; scl         ; 0.000        ; 0.043      ; 0.325      ;
; 0.199 ; regsp8b:inst3|inst22         ; regsp8b:inst3|inst23         ; scl          ; scl         ; 0.000        ; 0.041      ; 0.324      ;
; 0.200 ; regsp8b:inst3|inst20         ; regsp8b:inst3|inst21         ; scl          ; scl         ; 0.000        ; 0.041      ; 0.325      ;
; 0.200 ; regsp8b:inst3|inst23         ; regsp8b:inst3|inst24         ; scl          ; scl         ; 0.000        ; 0.041      ; 0.325      ;
; 0.200 ; regsp8b:inst3|inst24         ; regsp8b:inst3|inst25         ; scl          ; scl         ; 0.000        ; 0.041      ; 0.325      ;
; 0.200 ; regsp8b:inst3|inst25         ; regsp8b:inst3|inst26         ; scl          ; scl         ; 0.000        ; 0.041      ; 0.325      ;
; 0.200 ; regsp8b:inst3|inst26         ; regsp8b:inst3|inst27         ; scl          ; scl         ; 0.000        ; 0.041      ; 0.325      ;
; 0.201 ; I2C:inst|fstate.Guardar_dato ; I2C:inst|fstate.Guardar_dato ; scl          ; scl         ; 0.000        ; 0.022      ; 0.307      ;
; 0.202 ; regsp8b:inst3|inst21         ; regsp8b:inst3|inst22         ; scl          ; scl         ; 0.000        ; 0.041      ; 0.327      ;
; 0.203 ; regsp7b:inst4|inst4          ; regsp7b:inst4|inst5          ; scl          ; scl         ; 0.000        ; 0.042      ; 0.329      ;
; 0.203 ; regsp7b:inst4|inst5          ; regsp7b:inst4|inst6          ; scl          ; scl         ; 0.000        ; 0.042      ; 0.329      ;
; 0.203 ; contM7:inst1|count[1]        ; contM7:inst1|count[2]        ; scl          ; scl         ; 0.000        ; 0.043      ; 0.330      ;
; 0.206 ; contM8:inst7|count[3]        ; contM8:inst7|count[0]        ; scl          ; scl         ; 0.000        ; 0.043      ; 0.333      ;
; 0.207 ; contM8:inst7|count[2]        ; contM8:inst7|count[3]        ; scl          ; scl         ; 0.000        ; 0.043      ; 0.334      ;
; 0.211 ; contM8:inst7|count[2]        ; contM8:inst7|findato         ; scl          ; scl         ; 0.000        ; 0.043      ; 0.338      ;
; 0.216 ; I2C:inst|fstate.Guardar_dir  ; I2C:inst|fstate.Oscioso      ; scl          ; scl         ; 0.000        ; 0.645      ; 0.945      ;
; 0.262 ; regsp7b:inst4|inst           ; regsp7b:inst4|inst1          ; scl          ; scl         ; 0.000        ; 0.042      ; 0.388      ;
; 0.265 ; regsp7b:inst4|inst2          ; regsp7b:inst4|inst3          ; scl          ; scl         ; 0.000        ; 0.042      ; 0.391      ;
; 0.267 ; contM7:inst1|count[0]        ; contM7:inst1|findir          ; scl          ; scl         ; 0.000        ; 0.043      ; 0.394      ;
; 0.268 ; contM8:inst7|count[0]        ; contM8:inst7|findato         ; scl          ; scl         ; 0.000        ; 0.043      ; 0.395      ;
; 0.277 ; regsp7b:inst4|inst3          ; regsp7b:inst4|inst4          ; scl          ; scl         ; 0.000        ; 0.042      ; 0.403      ;
; 0.285 ; contM8:inst7|count[0]        ; contM8:inst7|count[1]        ; scl          ; scl         ; 0.000        ; 0.043      ; 0.412      ;
; 0.285 ; contM8:inst7|count[0]        ; contM8:inst7|count[2]        ; scl          ; scl         ; 0.000        ; 0.043      ; 0.412      ;
; 0.305 ; contM7:inst1|count[1]        ; contM7:inst1|findir          ; scl          ; scl         ; 0.000        ; 0.043      ; 0.432      ;
; 0.308 ; contM7:inst1|count[0]        ; contM7:inst1|count[2]        ; scl          ; scl         ; 0.000        ; 0.043      ; 0.435      ;
; 0.309 ; contM7:inst1|count[0]        ; contM7:inst1|count[1]        ; scl          ; scl         ; 0.000        ; 0.043      ; 0.436      ;
; 0.313 ; contM8:inst7|count[1]        ; contM8:inst7|count[3]        ; scl          ; scl         ; 0.000        ; 0.043      ; 0.440      ;
; 0.314 ; contM8:inst7|count[1]        ; contM8:inst7|count[2]        ; scl          ; scl         ; 0.000        ; 0.043      ; 0.441      ;
; 0.315 ; contM8:inst7|count[2]        ; contM8:inst7|count[0]        ; scl          ; scl         ; 0.000        ; 0.043      ; 0.442      ;
; 0.320 ; contM8:inst7|count[1]        ; contM8:inst7|count[0]        ; scl          ; scl         ; 0.000        ; 0.043      ; 0.447      ;
; 0.339 ; contM8:inst7|count[3]        ; contM8:inst7|findato         ; scl          ; scl         ; 0.000        ; 0.043      ; 0.466      ;
; 0.345 ; regsp7b:inst4|inst1          ; regsp7b:inst4|inst2          ; scl          ; scl         ; 0.000        ; 0.042      ; 0.471      ;
; 0.365 ; contM8:inst7|count[1]        ; contM8:inst7|findato         ; scl          ; scl         ; 0.000        ; 0.043      ; 0.492      ;
; 0.385 ; contM8:inst7|count[0]        ; contM8:inst7|count[3]        ; scl          ; scl         ; 0.000        ; 0.043      ; 0.512      ;
; 0.484 ; I2C:inst|fstate.RW           ; I2C:inst|fstate.AK           ; scl          ; scl         ; 0.000        ; 0.042      ; 0.610      ;
; 0.485 ; I2C:inst|fstate.Guardar_dir  ; I2C:inst|fstate.Guardar_dir  ; scl          ; scl         ; 0.000        ; 0.037      ; 0.606      ;
; 0.830 ; I2C:inst|fstate.Oscioso      ; I2C:inst|fstate.Oscioso      ; scl          ; scl         ; 0.000        ; 0.042      ; 0.956      ;
; 0.996 ; contM8:inst7|findato         ; I2C:inst|fstate.Oscioso      ; scl          ; scl         ; 0.000        ; -0.371     ; 0.709      ;
; 1.058 ; contM7:inst1|findir          ; I2C:inst|fstate.RW           ; scl          ; scl         ; 0.000        ; -0.524     ; 0.618      ;
; 1.087 ; regsp7b:inst4|inst6          ; I2C:inst|fstate.Oscioso      ; scl          ; scl         ; 0.000        ; -0.523     ; 0.648      ;
; 1.090 ; regsp7b:inst4|inst6          ; I2C:inst|fstate.RW           ; scl          ; scl         ; 0.000        ; -0.523     ; 0.651      ;
; 1.135 ; I2C:inst|fstate.AK           ; I2C:inst|fstate.Guardar_dato ; scl          ; scl         ; 0.000        ; -0.551     ; 0.668      ;
; 1.150 ; regsp7b:inst4|inst5          ; I2C:inst|fstate.Oscioso      ; scl          ; scl         ; 0.000        ; -0.523     ; 0.711      ;
; 1.152 ; regsp7b:inst4|inst           ; I2C:inst|fstate.Oscioso      ; scl          ; scl         ; 0.000        ; -0.523     ; 0.713      ;
; 1.153 ; regsp7b:inst4|inst5          ; I2C:inst|fstate.RW           ; scl          ; scl         ; 0.000        ; -0.523     ; 0.714      ;
; 1.155 ; regsp7b:inst4|inst           ; I2C:inst|fstate.RW           ; scl          ; scl         ; 0.000        ; -0.523     ; 0.716      ;
; 1.223 ; regsp7b:inst4|inst1          ; I2C:inst|fstate.Oscioso      ; scl          ; scl         ; 0.000        ; -0.523     ; 0.784      ;
; 1.224 ; contM8:inst7|findato         ; I2C:inst|fstate.Guardar_dato ; scl          ; scl         ; 0.000        ; -0.984     ; 0.324      ;
; 1.226 ; regsp7b:inst4|inst4          ; I2C:inst|fstate.Oscioso      ; scl          ; scl         ; 0.000        ; -0.523     ; 0.787      ;
; 1.226 ; regsp7b:inst4|inst1          ; I2C:inst|fstate.RW           ; scl          ; scl         ; 0.000        ; -0.523     ; 0.787      ;
; 1.229 ; regsp7b:inst4|inst4          ; I2C:inst|fstate.RW           ; scl          ; scl         ; 0.000        ; -0.523     ; 0.790      ;
; 1.262 ; contM7:inst1|findir          ; I2C:inst|fstate.Oscioso      ; scl          ; scl         ; 0.000        ; -0.524     ; 0.822      ;
; 1.273 ; I2C:inst|fstate.Oscioso      ; I2C:inst|fstate.Guardar_dir  ; scl          ; scl         ; 0.000        ; -0.545     ; 0.812      ;
; 1.285 ; regsp7b:inst4|inst3          ; I2C:inst|fstate.Oscioso      ; scl          ; scl         ; 0.000        ; -0.523     ; 0.846      ;
; 1.286 ; regsp7b:inst4|inst2          ; I2C:inst|fstate.Oscioso      ; scl          ; scl         ; 0.000        ; -0.523     ; 0.847      ;
; 1.288 ; regsp7b:inst4|inst3          ; I2C:inst|fstate.RW           ; scl          ; scl         ; 0.000        ; -0.523     ; 0.849      ;
; 1.289 ; regsp7b:inst4|inst2          ; I2C:inst|fstate.RW           ; scl          ; scl         ; 0.000        ; -0.523     ; 0.850      ;
; 1.544 ; contM7:inst1|findir          ; I2C:inst|fstate.Guardar_dir  ; scl          ; scl         ; 0.000        ; -1.131     ; 0.497      ;
+-------+------------------------------+------------------------------+--------------+-------------+--------------+------------+------------+


+------------------------------------------------------------------------------------------------------------------------------------+
; Fast 1200mV 0C Model Recovery: 'scl'                                                                                               ;
+-------+------------------------------+-----------------------+--------------+-------------+--------------+------------+------------+
; Slack ; From Node                    ; To Node               ; Launch Clock ; Latch Clock ; Relationship ; Clock Skew ; Data Delay ;
+-------+------------------------------+-----------------------+--------------+-------------+--------------+------------+------------+
; 0.764 ; I2C:inst|fstate.Guardar_dato ; contM8:inst7|count[1] ; scl          ; scl         ; 1.000        ; 0.984      ; 1.207      ;
; 0.764 ; I2C:inst|fstate.Guardar_dato ; contM8:inst7|count[3] ; scl          ; scl         ; 1.000        ; 0.984      ; 1.207      ;
; 0.764 ; I2C:inst|fstate.Guardar_dato ; contM8:inst7|count[0] ; scl          ; scl         ; 1.000        ; 0.984      ; 1.207      ;
; 0.764 ; I2C:inst|fstate.Guardar_dato ; contM8:inst7|count[2] ; scl          ; scl         ; 1.000        ; 0.984      ; 1.207      ;
; 0.764 ; I2C:inst|fstate.Guardar_dato ; contM8:inst7|findato  ; scl          ; scl         ; 1.000        ; 0.984      ; 1.207      ;
; 0.954 ; I2C:inst|fstate.Guardar_dir  ; contM7:inst1|count[0] ; scl          ; scl         ; 1.000        ; 1.131      ; 1.164      ;
; 0.954 ; I2C:inst|fstate.Guardar_dir  ; contM7:inst1|count[1] ; scl          ; scl         ; 1.000        ; 1.131      ; 1.164      ;
; 0.954 ; I2C:inst|fstate.Guardar_dir  ; contM7:inst1|count[2] ; scl          ; scl         ; 1.000        ; 1.131      ; 1.164      ;
; 0.954 ; I2C:inst|fstate.Guardar_dir  ; contM7:inst1|findir   ; scl          ; scl         ; 1.000        ; 1.131      ; 1.164      ;
+-------+------------------------------+-----------------------+--------------+-------------+--------------+------------+------------+


+-------------------------------------------------------------------------------------------------------------------------------------+
; Fast 1200mV 0C Model Removal: 'scl'                                                                                                 ;
+--------+------------------------------+-----------------------+--------------+-------------+--------------+------------+------------+
; Slack  ; From Node                    ; To Node               ; Launch Clock ; Latch Clock ; Relationship ; Clock Skew ; Data Delay ;
+--------+------------------------------+-----------------------+--------------+-------------+--------------+------------+------------+
; -0.239 ; I2C:inst|fstate.Guardar_dir  ; contM7:inst1|count[0] ; scl          ; scl         ; 0.000        ; 1.256      ; 1.101      ;
; -0.239 ; I2C:inst|fstate.Guardar_dir  ; contM7:inst1|count[1] ; scl          ; scl         ; 0.000        ; 1.256      ; 1.101      ;
; -0.239 ; I2C:inst|fstate.Guardar_dir  ; contM7:inst1|count[2] ; scl          ; scl         ; 0.000        ; 1.256      ; 1.101      ;
; -0.239 ; I2C:inst|fstate.Guardar_dir  ; contM7:inst1|findir   ; scl          ; scl         ; 0.000        ; 1.256      ; 1.101      ;
; -0.035 ; I2C:inst|fstate.Guardar_dato ; contM8:inst7|count[1] ; scl          ; scl         ; 0.000        ; 1.103      ; 1.152      ;
; -0.035 ; I2C:inst|fstate.Guardar_dato ; contM8:inst7|count[3] ; scl          ; scl         ; 0.000        ; 1.103      ; 1.152      ;
; -0.035 ; I2C:inst|fstate.Guardar_dato ; contM8:inst7|count[0] ; scl          ; scl         ; 0.000        ; 1.103      ; 1.152      ;
; -0.035 ; I2C:inst|fstate.Guardar_dato ; contM8:inst7|count[2] ; scl          ; scl         ; 0.000        ; 1.103      ; 1.152      ;
; -0.035 ; I2C:inst|fstate.Guardar_dato ; contM8:inst7|findato  ; scl          ; scl         ; 0.000        ; 1.103      ; 1.152      ;
+--------+------------------------------+-----------------------+--------------+-------------+--------------+------------+------------+


+---------------------------------------------------------------------------------------------------------------+
; Fast 1200mV 0C Model Minimum Pulse Width: 'scl'                                                               ;
+--------+--------------+----------------+------------------+-------+------------+------------------------------+
; Slack  ; Actual Width ; Required Width ; Type             ; Clock ; Clock Edge ; Target                       ;
+--------+--------------+----------------+------------------+-------+------------+------------------------------+
; -3.000 ; 1.000        ; 4.000          ; Port Rate        ; scl   ; Rise       ; scl                          ;
; -1.000 ; 1.000        ; 2.000          ; Min Period       ; scl   ; Rise       ; I2C:inst|fstate.AK           ;
; -1.000 ; 1.000        ; 2.000          ; Min Period       ; scl   ; Rise       ; I2C:inst|fstate.Guardar_dato ;
; -1.000 ; 1.000        ; 2.000          ; Min Period       ; scl   ; Rise       ; I2C:inst|fstate.Guardar_dir  ;
; -1.000 ; 1.000        ; 2.000          ; Min Period       ; scl   ; Rise       ; I2C:inst|fstate.Oscioso      ;
; -1.000 ; 1.000        ; 2.000          ; Min Period       ; scl   ; Rise       ; I2C:inst|fstate.RW           ;
; -1.000 ; 1.000        ; 2.000          ; Min Period       ; scl   ; Rise       ; contM7:inst1|count[0]        ;
; -1.000 ; 1.000        ; 2.000          ; Min Period       ; scl   ; Rise       ; contM7:inst1|count[1]        ;
; -1.000 ; 1.000        ; 2.000          ; Min Period       ; scl   ; Rise       ; contM7:inst1|count[2]        ;
; -1.000 ; 1.000        ; 2.000          ; Min Period       ; scl   ; Rise       ; contM7:inst1|findir          ;
; -1.000 ; 1.000        ; 2.000          ; Min Period       ; scl   ; Rise       ; contM8:inst7|count[0]        ;
; -1.000 ; 1.000        ; 2.000          ; Min Period       ; scl   ; Rise       ; contM8:inst7|count[1]        ;
; -1.000 ; 1.000        ; 2.000          ; Min Period       ; scl   ; Rise       ; contM8:inst7|count[2]        ;
; -1.000 ; 1.000        ; 2.000          ; Min Period       ; scl   ; Rise       ; contM8:inst7|count[3]        ;
; -1.000 ; 1.000        ; 2.000          ; Min Period       ; scl   ; Rise       ; contM8:inst7|findato         ;
; -1.000 ; 1.000        ; 2.000          ; Min Period       ; scl   ; Rise       ; regsp7b:inst4|inst           ;
; -1.000 ; 1.000        ; 2.000          ; Min Period       ; scl   ; Rise       ; regsp7b:inst4|inst1          ;
; -1.000 ; 1.000        ; 2.000          ; Min Period       ; scl   ; Rise       ; regsp7b:inst4|inst2          ;
; -1.000 ; 1.000        ; 2.000          ; Min Period       ; scl   ; Rise       ; regsp7b:inst4|inst3          ;
; -1.000 ; 1.000        ; 2.000          ; Min Period       ; scl   ; Rise       ; regsp7b:inst4|inst4          ;
; -1.000 ; 1.000        ; 2.000          ; Min Period       ; scl   ; Rise       ; regsp7b:inst4|inst5          ;
; -1.000 ; 1.000        ; 2.000          ; Min Period       ; scl   ; Rise       ; regsp7b:inst4|inst6          ;
; -1.000 ; 1.000        ; 2.000          ; Min Period       ; scl   ; Rise       ; regsp8b:inst3|inst20         ;
; -1.000 ; 1.000        ; 2.000          ; Min Period       ; scl   ; Rise       ; regsp8b:inst3|inst21         ;
; -1.000 ; 1.000        ; 2.000          ; Min Period       ; scl   ; Rise       ; regsp8b:inst3|inst22         ;
; -1.000 ; 1.000        ; 2.000          ; Min Period       ; scl   ; Rise       ; regsp8b:inst3|inst23         ;
; -1.000 ; 1.000        ; 2.000          ; Min Period       ; scl   ; Rise       ; regsp8b:inst3|inst24         ;
; -1.000 ; 1.000        ; 2.000          ; Min Period       ; scl   ; Rise       ; regsp8b:inst3|inst25         ;
; -1.000 ; 1.000        ; 2.000          ; Min Period       ; scl   ; Rise       ; regsp8b:inst3|inst26         ;
; -1.000 ; 1.000        ; 2.000          ; Min Period       ; scl   ; Rise       ; regsp8b:inst3|inst27         ;
; -0.077 ; 0.107        ; 0.184          ; Low Pulse Width  ; scl   ; Rise       ; regsp7b:inst4|inst           ;
; -0.077 ; 0.107        ; 0.184          ; Low Pulse Width  ; scl   ; Rise       ; regsp7b:inst4|inst1          ;
; -0.077 ; 0.107        ; 0.184          ; Low Pulse Width  ; scl   ; Rise       ; regsp7b:inst4|inst2          ;
; -0.077 ; 0.107        ; 0.184          ; Low Pulse Width  ; scl   ; Rise       ; regsp7b:inst4|inst3          ;
; -0.077 ; 0.107        ; 0.184          ; Low Pulse Width  ; scl   ; Rise       ; regsp7b:inst4|inst4          ;
; -0.077 ; 0.107        ; 0.184          ; Low Pulse Width  ; scl   ; Rise       ; regsp7b:inst4|inst5          ;
; -0.077 ; 0.107        ; 0.184          ; Low Pulse Width  ; scl   ; Rise       ; regsp7b:inst4|inst6          ;
; -0.076 ; 0.108        ; 0.184          ; Low Pulse Width  ; scl   ; Rise       ; contM7:inst1|count[0]        ;
; -0.076 ; 0.108        ; 0.184          ; Low Pulse Width  ; scl   ; Rise       ; contM7:inst1|count[1]        ;
; -0.076 ; 0.108        ; 0.184          ; Low Pulse Width  ; scl   ; Rise       ; contM7:inst1|count[2]        ;
; -0.076 ; 0.108        ; 0.184          ; Low Pulse Width  ; scl   ; Rise       ; contM7:inst1|findir          ;
; -0.074 ; 0.110        ; 0.184          ; Low Pulse Width  ; scl   ; Rise       ; regsp8b:inst3|inst20         ;
; -0.074 ; 0.110        ; 0.184          ; Low Pulse Width  ; scl   ; Rise       ; regsp8b:inst3|inst21         ;
; -0.074 ; 0.110        ; 0.184          ; Low Pulse Width  ; scl   ; Rise       ; regsp8b:inst3|inst22         ;
; -0.074 ; 0.110        ; 0.184          ; Low Pulse Width  ; scl   ; Rise       ; regsp8b:inst3|inst23         ;
; -0.074 ; 0.110        ; 0.184          ; Low Pulse Width  ; scl   ; Rise       ; regsp8b:inst3|inst24         ;
; -0.074 ; 0.110        ; 0.184          ; Low Pulse Width  ; scl   ; Rise       ; regsp8b:inst3|inst25         ;
; -0.074 ; 0.110        ; 0.184          ; Low Pulse Width  ; scl   ; Rise       ; regsp8b:inst3|inst26         ;
; -0.074 ; 0.110        ; 0.184          ; Low Pulse Width  ; scl   ; Rise       ; regsp8b:inst3|inst27         ;
; -0.073 ; 0.111        ; 0.184          ; Low Pulse Width  ; scl   ; Rise       ; contM8:inst7|count[0]        ;
; -0.073 ; 0.111        ; 0.184          ; Low Pulse Width  ; scl   ; Rise       ; contM8:inst7|count[1]        ;
; -0.073 ; 0.111        ; 0.184          ; Low Pulse Width  ; scl   ; Rise       ; contM8:inst7|count[2]        ;
; -0.073 ; 0.111        ; 0.184          ; Low Pulse Width  ; scl   ; Rise       ; contM8:inst7|count[3]        ;
; -0.073 ; 0.111        ; 0.184          ; Low Pulse Width  ; scl   ; Rise       ; contM8:inst7|findato         ;
; -0.058 ; 0.126        ; 0.184          ; Low Pulse Width  ; scl   ; Rise       ; I2C:inst|fstate.AK           ;
; -0.058 ; 0.126        ; 0.184          ; Low Pulse Width  ; scl   ; Rise       ; I2C:inst|fstate.Oscioso      ;
; -0.058 ; 0.126        ; 0.184          ; Low Pulse Width  ; scl   ; Rise       ; I2C:inst|fstate.RW           ;
; -0.022 ; 0.162        ; 0.184          ; Low Pulse Width  ; scl   ; Rise       ; I2C:inst|fstate.Guardar_dato ;
; -0.018 ; 0.166        ; 0.184          ; Low Pulse Width  ; scl   ; Rise       ; I2C:inst|fstate.Guardar_dir  ;
; 0.103  ; 0.103        ; 0.000          ; Low Pulse Width  ; scl   ; Rise       ; inst4|inst1|clk              ;
; 0.103  ; 0.103        ; 0.000          ; Low Pulse Width  ; scl   ; Rise       ; inst4|inst2|clk              ;
; 0.103  ; 0.103        ; 0.000          ; Low Pulse Width  ; scl   ; Rise       ; inst4|inst3|clk              ;
; 0.103  ; 0.103        ; 0.000          ; Low Pulse Width  ; scl   ; Rise       ; inst4|inst4|clk              ;
; 0.103  ; 0.103        ; 0.000          ; Low Pulse Width  ; scl   ; Rise       ; inst4|inst5|clk              ;
; 0.103  ; 0.103        ; 0.000          ; Low Pulse Width  ; scl   ; Rise       ; inst4|inst6|clk              ;
; 0.103  ; 0.103        ; 0.000          ; Low Pulse Width  ; scl   ; Rise       ; inst4|inst|clk               ;
; 0.104  ; 0.104        ; 0.000          ; Low Pulse Width  ; scl   ; Rise       ; inst1|count[0]|clk           ;
; 0.104  ; 0.104        ; 0.000          ; Low Pulse Width  ; scl   ; Rise       ; inst1|count[1]|clk           ;
; 0.104  ; 0.104        ; 0.000          ; Low Pulse Width  ; scl   ; Rise       ; inst1|count[2]|clk           ;
; 0.104  ; 0.104        ; 0.000          ; Low Pulse Width  ; scl   ; Rise       ; inst1|findir|clk             ;
; 0.106  ; 0.106        ; 0.000          ; Low Pulse Width  ; scl   ; Rise       ; inst3|inst20|clk             ;
; 0.106  ; 0.106        ; 0.000          ; Low Pulse Width  ; scl   ; Rise       ; inst3|inst21|clk             ;
; 0.106  ; 0.106        ; 0.000          ; Low Pulse Width  ; scl   ; Rise       ; inst3|inst22|clk             ;
; 0.106  ; 0.106        ; 0.000          ; Low Pulse Width  ; scl   ; Rise       ; inst3|inst23|clk             ;
; 0.106  ; 0.106        ; 0.000          ; Low Pulse Width  ; scl   ; Rise       ; inst3|inst24|clk             ;
; 0.106  ; 0.106        ; 0.000          ; Low Pulse Width  ; scl   ; Rise       ; inst3|inst25|clk             ;
; 0.106  ; 0.106        ; 0.000          ; Low Pulse Width  ; scl   ; Rise       ; inst3|inst26|clk             ;
; 0.106  ; 0.106        ; 0.000          ; Low Pulse Width  ; scl   ; Rise       ; inst3|inst27|clk             ;
; 0.107  ; 0.107        ; 0.000          ; Low Pulse Width  ; scl   ; Rise       ; inst7|count[0]|clk           ;
; 0.107  ; 0.107        ; 0.000          ; Low Pulse Width  ; scl   ; Rise       ; inst7|count[1]|clk           ;
; 0.107  ; 0.107        ; 0.000          ; Low Pulse Width  ; scl   ; Rise       ; inst7|count[2]|clk           ;
; 0.107  ; 0.107        ; 0.000          ; Low Pulse Width  ; scl   ; Rise       ; inst7|count[3]|clk           ;
; 0.107  ; 0.107        ; 0.000          ; Low Pulse Width  ; scl   ; Rise       ; inst7|findato|clk            ;
; 0.118  ; 0.118        ; 0.000          ; Low Pulse Width  ; scl   ; Rise       ; inst14~clkctrl|inclk[0]      ;
; 0.118  ; 0.118        ; 0.000          ; Low Pulse Width  ; scl   ; Rise       ; inst14~clkctrl|outclk        ;
; 0.121  ; 0.121        ; 0.000          ; Low Pulse Width  ; scl   ; Rise       ; inst6~clkctrl|inclk[0]       ;
; 0.121  ; 0.121        ; 0.000          ; Low Pulse Width  ; scl   ; Rise       ; inst6~clkctrl|outclk         ;
; 0.122  ; 0.122        ; 0.000          ; Low Pulse Width  ; scl   ; Rise       ; inst|fstate.AK|clk           ;
; 0.122  ; 0.122        ; 0.000          ; Low Pulse Width  ; scl   ; Rise       ; inst|fstate.Oscioso|clk      ;
; 0.122  ; 0.122        ; 0.000          ; Low Pulse Width  ; scl   ; Rise       ; inst|fstate.RW|clk           ;
; 0.123  ; 0.123        ; 0.000          ; Low Pulse Width  ; scl   ; Rise       ; scl~input|o                  ;
; 0.130  ; 0.130        ; 0.000          ; Low Pulse Width  ; scl   ; Rise       ; inst6|datad                  ;
; 0.131  ; 0.131        ; 0.000          ; Low Pulse Width  ; scl   ; Rise       ; inst14|combout               ;
; 0.134  ; 0.134        ; 0.000          ; Low Pulse Width  ; scl   ; Rise       ; inst14|datac                 ;
; 0.134  ; 0.134        ; 0.000          ; Low Pulse Width  ; scl   ; Rise       ; inst6|combout                ;
; 0.136  ; 0.136        ; 0.000          ; Low Pulse Width  ; scl   ; Rise       ; scl~inputclkctrl|inclk[0]    ;
; 0.136  ; 0.136        ; 0.000          ; Low Pulse Width  ; scl   ; Rise       ; scl~inputclkctrl|outclk      ;
; 0.156  ; 0.156        ; 0.000          ; Low Pulse Width  ; scl   ; Rise       ; inst|fstate.Guardar_dato|clk ;
; 0.161  ; 0.161        ; 0.000          ; Low Pulse Width  ; scl   ; Rise       ; inst|fstate.Guardar_dir|clk  ;
; 0.500  ; 0.500        ; 0.000          ; High Pulse Width ; scl   ; Rise       ; scl~input|i                  ;
+--------+--------------+----------------+------------------+-------+------------+------------------------------+


+-----------------------------------------------------------------------+
; Setup Times                                                           ;
+-----------+------------+-------+-------+------------+-----------------+
; Data Port ; Clock Port ; Rise  ; Fall  ; Clock Edge ; Clock Reference ;
+-----------+------------+-------+-------+------------+-----------------+
; B1        ; scl        ; 0.745 ; 1.303 ; Rise       ; scl             ;
; B2        ; scl        ; 1.075 ; 1.654 ; Rise       ; scl             ;
; B3        ; scl        ; 1.251 ; 1.846 ; Rise       ; scl             ;
; B4        ; scl        ; 1.310 ; 1.905 ; Rise       ; scl             ;
; B5        ; scl        ; 1.256 ; 1.844 ; Rise       ; scl             ;
; B6        ; scl        ; 0.956 ; 1.522 ; Rise       ; scl             ;
; B7        ; scl        ; 1.163 ; 1.767 ; Rise       ; scl             ;
; rst       ; scl        ; 1.173 ; 1.739 ; Rise       ; scl             ;
; sda       ; scl        ; 1.558 ; 2.118 ; Rise       ; scl             ;
+-----------+------------+-------+-------+------------+-----------------+


+-------------------------------------------------------------------------+
; Hold Times                                                              ;
+-----------+------------+--------+--------+------------+-----------------+
; Data Port ; Clock Port ; Rise   ; Fall   ; Clock Edge ; Clock Reference ;
+-----------+------------+--------+--------+------------+-----------------+
; B1        ; scl        ; -0.458 ; -1.028 ; Rise       ; scl             ;
; B2        ; scl        ; -0.790 ; -1.339 ; Rise       ; scl             ;
; B3        ; scl        ; -0.931 ; -1.545 ; Rise       ; scl             ;
; B4        ; scl        ; -0.987 ; -1.593 ; Rise       ; scl             ;
; B5        ; scl        ; -0.960 ; -1.516 ; Rise       ; scl             ;
; B6        ; scl        ; -0.680 ; -1.222 ; Rise       ; scl             ;
; B7        ; scl        ; -0.887 ; -1.458 ; Rise       ; scl             ;
; rst       ; scl        ; -0.335 ; -0.895 ; Rise       ; scl             ;
; sda       ; scl        ; 0.211  ; -0.342 ; Rise       ; scl             ;
+-----------+------------+--------+--------+------------+-----------------+


+-----------------------------------------------------------------------+
; Clock to Output Times                                                 ;
+-----------+------------+-------+-------+------------+-----------------+
; Data Port ; Clock Port ; Rise  ; Fall  ; Clock Edge ; Clock Reference ;
+-----------+------------+-------+-------+------------+-----------------+
; A1        ; scl        ; 4.260 ; 4.374 ; Rise       ; scl             ;
; A2        ; scl        ; 4.287 ; 4.406 ; Rise       ; scl             ;
; A3        ; scl        ; 3.986 ; 4.054 ; Rise       ; scl             ;
; A4        ; scl        ; 3.902 ; 3.972 ; Rise       ; scl             ;
; A5        ; scl        ; 4.179 ; 4.278 ; Rise       ; scl             ;
; A6        ; scl        ; 4.114 ; 4.209 ; Rise       ; scl             ;
; A7        ; scl        ; 5.005 ; 5.139 ; Rise       ; scl             ;
; C7[*]     ; scl        ; 4.166 ; 4.262 ; Rise       ; scl             ;
;  C7[0]    ; scl        ; 4.061 ; 4.136 ; Rise       ; scl             ;
;  C7[1]    ; scl        ; 4.135 ; 4.236 ; Rise       ; scl             ;
;  C7[2]    ; scl        ; 4.166 ; 4.262 ; Rise       ; scl             ;
; C8[*]     ; scl        ; 3.822 ; 3.898 ; Rise       ; scl             ;
;  C8[0]    ; scl        ; 3.776 ; 3.845 ; Rise       ; scl             ;
;  C8[1]    ; scl        ; 3.734 ; 3.805 ; Rise       ; scl             ;
;  C8[2]    ; scl        ; 3.754 ; 3.825 ; Rise       ; scl             ;
;  C8[3]    ; scl        ; 3.822 ; 3.898 ; Rise       ; scl             ;
; E1        ; scl        ; 4.066 ; 4.227 ; Rise       ; scl             ;
; E2        ; scl        ; 4.134 ; 4.299 ; Rise       ; scl             ;
; E3        ; scl        ; 3.758 ; 3.669 ; Rise       ; scl             ;
; HAB_DAT   ; scl        ; 4.672 ; 4.547 ; Rise       ; scl             ;
; HAB_DIR   ; scl        ; 3.071 ; 3.073 ; Rise       ; scl             ;
; ffin_dir  ; scl        ; 3.980 ; 4.056 ; Rise       ; scl             ;
; q0        ; scl        ; 3.935 ; 4.035 ; Rise       ; scl             ;
; q1        ; scl        ; 3.717 ; 3.787 ; Rise       ; scl             ;
; q2        ; scl        ; 3.757 ; 3.827 ; Rise       ; scl             ;
; q3        ; scl        ; 3.939 ; 4.037 ; Rise       ; scl             ;
; q4        ; scl        ; 3.927 ; 4.022 ; Rise       ; scl             ;
; q5        ; scl        ; 3.748 ; 3.818 ; Rise       ; scl             ;
; q6        ; scl        ; 3.735 ; 3.805 ; Rise       ; scl             ;
; q7        ; scl        ; 3.931 ; 4.022 ; Rise       ; scl             ;
; ssoy      ; scl        ; 4.870 ; 4.739 ; Rise       ; scl             ;
+-----------+------------+-------+-------+------------+-----------------+


+-----------------------------------------------------------------------+
; Minimum Clock to Output Times                                         ;
+-----------+------------+-------+-------+------------+-----------------+
; Data Port ; Clock Port ; Rise  ; Fall  ; Clock Edge ; Clock Reference ;
+-----------+------------+-------+-------+------------+-----------------+
; A1        ; scl        ; 4.152 ; 4.263 ; Rise       ; scl             ;
; A2        ; scl        ; 4.179 ; 4.294 ; Rise       ; scl             ;
; A3        ; scl        ; 3.886 ; 3.951 ; Rise       ; scl             ;
; A4        ; scl        ; 3.808 ; 3.876 ; Rise       ; scl             ;
; A5        ; scl        ; 4.075 ; 4.171 ; Rise       ; scl             ;
; A6        ; scl        ; 4.012 ; 4.104 ; Rise       ; scl             ;
; A7        ; scl        ; 4.901 ; 5.032 ; Rise       ; scl             ;
; C7[*]     ; scl        ; 3.957 ; 4.030 ; Rise       ; scl             ;
;  C7[0]    ; scl        ; 3.957 ; 4.030 ; Rise       ; scl             ;
;  C7[1]    ; scl        ; 4.031 ; 4.130 ; Rise       ; scl             ;
;  C7[2]    ; scl        ; 4.062 ; 4.154 ; Rise       ; scl             ;
; C8[*]     ; scl        ; 3.645 ; 3.714 ; Rise       ; scl             ;
;  C8[0]    ; scl        ; 3.686 ; 3.755 ; Rise       ; scl             ;
;  C8[1]    ; scl        ; 3.645 ; 3.714 ; Rise       ; scl             ;
;  C8[2]    ; scl        ; 3.665 ; 3.734 ; Rise       ; scl             ;
;  C8[3]    ; scl        ; 3.730 ; 3.804 ; Rise       ; scl             ;
; E1        ; scl        ; 3.249 ; 3.381 ; Rise       ; scl             ;
; E2        ; scl        ; 3.970 ; 4.118 ; Rise       ; scl             ;
; E3        ; scl        ; 3.669 ; 3.582 ; Rise       ; scl             ;
; HAB_DAT   ; scl        ; 4.584 ; 4.460 ; Rise       ; scl             ;
; HAB_DIR   ; scl        ; 3.010 ; 3.011 ; Rise       ; scl             ;
; ffin_dir  ; scl        ; 3.882 ; 3.956 ; Rise       ; scl             ;
; q0        ; scl        ; 3.841 ; 3.938 ; Rise       ; scl             ;
; q1        ; scl        ; 3.630 ; 3.698 ; Rise       ; scl             ;
; q2        ; scl        ; 3.670 ; 3.739 ; Rise       ; scl             ;
; q3        ; scl        ; 3.845 ; 3.940 ; Rise       ; scl             ;
; q4        ; scl        ; 3.834 ; 3.926 ; Rise       ; scl             ;
; q5        ; scl        ; 3.660 ; 3.730 ; Rise       ; scl             ;
; q6        ; scl        ; 3.648 ; 3.716 ; Rise       ; scl             ;
; q7        ; scl        ; 3.838 ; 3.926 ; Rise       ; scl             ;
; ssoy      ; scl        ; 4.481 ; 4.383 ; Rise       ; scl             ;
+-----------+------------+-------+-------+------------+-----------------+


+----------------------------------------------------------+
; Propagation Delay                                        ;
+------------+-------------+-------+-------+-------+-------+
; Input Port ; Output Port ; RR    ; RF    ; FR    ; FF    ;
+------------+-------------+-------+-------+-------+-------+
; B1         ; ssoy        ; 3.974 ; 3.883 ; 4.532 ; 4.429 ;
; B2         ; ssoy        ; 4.304 ; 4.205 ; 4.883 ; 4.762 ;
; B3         ; ssoy        ; 4.480 ; 4.374 ; 5.075 ; 4.960 ;
; B4         ; ssoy        ; 4.539 ; 4.431 ; 5.134 ; 5.014 ;
; B5         ; ssoy        ; 4.485 ; 4.381 ; 5.073 ; 4.952 ;
; B6         ; ssoy        ; 4.185 ; 4.076 ; 4.751 ; 4.623 ;
; B7         ; ssoy        ; 4.392 ; 4.305 ; 4.996 ; 4.892 ;
; rst        ; E1          ;       ; 3.767 ; 4.260 ;       ;
; rst        ; E2          ;       ; 3.919 ; 4.424 ;       ;
; rst        ; E3          ;       ; 4.191 ; 4.900 ;       ;
; rst        ; HAB_DAT     ;       ; 5.069 ; 5.814 ;       ;
; rst        ; HAB_DIR     ;       ; 3.465 ; 4.074 ;       ;
; rst        ; sda         ; 4.932 ; 4.932 ; 5.440 ; 5.436 ;
+------------+-------------+-------+-------+-------+-------+


+----------------------------------------------------------+
; Minimum Propagation Delay                                ;
+------------+-------------+-------+-------+-------+-------+
; Input Port ; Output Port ; RR    ; RF    ; FR    ; FF    ;
+------------+-------------+-------+-------+-------+-------+
; B1         ; ssoy        ; 3.874 ; 3.754 ; 4.410 ; 4.324 ;
; B2         ; ssoy        ; 4.181 ; 4.086 ; 4.768 ; 4.635 ;
; B3         ; ssoy        ; 4.357 ; 4.227 ; 4.936 ; 4.841 ;
; B4         ; ssoy        ; 4.418 ; 4.283 ; 4.990 ; 4.889 ;
; B5         ; ssoy        ; 4.356 ; 4.256 ; 4.950 ; 4.812 ;
; B6         ; ssoy        ; 4.081 ; 3.976 ; 4.642 ; 4.518 ;
; B7         ; ssoy        ; 4.268 ; 4.183 ; 4.877 ; 4.754 ;
; rst        ; E1          ;       ; 3.679 ; 4.168 ;       ;
; rst        ; E2          ;       ; 3.784 ; 4.275 ;       ;
; rst        ; E3          ;       ; 4.058 ; 4.746 ;       ;
; rst        ; HAB_DAT     ;       ; 4.936 ; 5.661 ;       ;
; rst        ; HAB_DIR     ;       ; 3.359 ; 3.955 ;       ;
; rst        ; sda         ; 4.031 ; 3.973 ; 4.467 ; 4.467 ;
+------------+-------------+-------+-------+-------+-------+


+-----------------------------------------------------------------------+
; Output Enable Times                                                   ;
+-----------+------------+-------+-------+------------+-----------------+
; Data Port ; Clock Port ; Rise  ; Fall  ; Clock Edge ; Clock Reference ;
+-----------+------------+-------+-------+------------+-----------------+
; sda       ; scl        ; 4.687 ; 4.683 ; Rise       ; scl             ;
+-----------+------------+-------+-------+------------+-----------------+


+-----------------------------------------------------------------------+
; Minimum Output Enable Times                                           ;
+-----------+------------+-------+-------+------------+-----------------+
; Data Port ; Clock Port ; Rise  ; Fall  ; Clock Edge ; Clock Reference ;
+-----------+------------+-------+-------+------------+-----------------+
; sda       ; scl        ; 3.752 ; 3.752 ; Rise       ; scl             ;
+-----------+------------+-------+-------+------------+-----------------+


+-------------------------------------------------------------------------------+
; Output Disable Times                                                          ;
+-----------+------------+-----------+-----------+------------+-----------------+
; Data Port ; Clock Port ; 0 to Hi-Z ; 1 to Hi-Z ; Clock Edge ; Clock Reference ;
+-----------+------------+-----------+-----------+------------+-----------------+
; sda       ; scl        ; 4.792     ; 4.792     ; Rise       ; scl             ;
+-----------+------------+-----------+-----------+------------+-----------------+


+-------------------------------------------------------------------------------+
; Minimum Output Disable Times                                                  ;
+-----------+------------+-----------+-----------+------------+-----------------+
; Data Port ; Clock Port ; 0 to Hi-Z ; 1 to Hi-Z ; Clock Edge ; Clock Reference ;
+-----------+------------+-----------+-----------+------------+-----------------+
; sda       ; scl        ; 3.853     ; 3.911     ; Rise       ; scl             ;
+-----------+------------+-----------+-----------+------------+-----------------+


---------------------------------------------
; Fast 1200mV 0C Model Metastability Report ;
---------------------------------------------
No synchronizer chains to report.


+-------------------------------------------------------------------------------+
; Multicorner Timing Analysis Summary                                           ;
+------------------+---------+-------+----------+---------+---------------------+
; Clock            ; Setup   ; Hold  ; Recovery ; Removal ; Minimum Pulse Width ;
+------------------+---------+-------+----------+---------+---------------------+
; Worst-case Slack ; -2.578  ; 0.155 ; 0.323    ; -0.285  ; -3.000              ;
;  scl             ; -2.578  ; 0.155 ; 0.323    ; -0.285  ; -3.000              ;
; Design-wide TNS  ; -12.218 ; 0.0   ; 0.0      ; -1.14   ; -40.265             ;
;  scl             ; -12.218 ; 0.000 ; 0.000    ; -1.140  ; -40.265             ;
+------------------+---------+-------+----------+---------+---------------------+


+-----------------------------------------------------------------------+
; Setup Times                                                           ;
+-----------+------------+-------+-------+------------+-----------------+
; Data Port ; Clock Port ; Rise  ; Fall  ; Clock Edge ; Clock Reference ;
+-----------+------------+-------+-------+------------+-----------------+
; B1        ; scl        ; 1.689 ; 2.064 ; Rise       ; scl             ;
; B2        ; scl        ; 2.356 ; 2.715 ; Rise       ; scl             ;
; B3        ; scl        ; 2.628 ; 2.986 ; Rise       ; scl             ;
; B4        ; scl        ; 2.760 ; 3.147 ; Rise       ; scl             ;
; B5        ; scl        ; 2.665 ; 3.033 ; Rise       ; scl             ;
; B6        ; scl        ; 2.058 ; 2.444 ; Rise       ; scl             ;
; B7        ; scl        ; 2.449 ; 2.832 ; Rise       ; scl             ;
; rst       ; scl        ; 2.372 ; 2.695 ; Rise       ; scl             ;
; sda       ; scl        ; 3.052 ; 3.407 ; Rise       ; scl             ;
+-----------+------------+-------+-------+------------+-----------------+


+-------------------------------------------------------------------------+
; Hold Times                                                              ;
+-----------+------------+--------+--------+------------+-----------------+
; Data Port ; Clock Port ; Rise   ; Fall   ; Clock Edge ; Clock Reference ;
+-----------+------------+--------+--------+------------+-----------------+
; B1        ; scl        ; -0.458 ; -1.028 ; Rise       ; scl             ;
; B2        ; scl        ; -0.790 ; -1.339 ; Rise       ; scl             ;
; B3        ; scl        ; -0.931 ; -1.545 ; Rise       ; scl             ;
; B4        ; scl        ; -0.987 ; -1.593 ; Rise       ; scl             ;
; B5        ; scl        ; -0.960 ; -1.516 ; Rise       ; scl             ;
; B6        ; scl        ; -0.680 ; -1.222 ; Rise       ; scl             ;
; B7        ; scl        ; -0.887 ; -1.458 ; Rise       ; scl             ;
; rst       ; scl        ; -0.335 ; -0.895 ; Rise       ; scl             ;
; sda       ; scl        ; 0.415  ; 0.159  ; Rise       ; scl             ;
+-----------+------------+--------+--------+------------+-----------------+


+-----------------------------------------------------------------------+
; Clock to Output Times                                                 ;
+-----------+------------+-------+-------+------------+-----------------+
; Data Port ; Clock Port ; Rise  ; Fall  ; Clock Edge ; Clock Reference ;
+-----------+------------+-------+-------+------------+-----------------+
; A1        ; scl        ; 7.981 ; 8.002 ; Rise       ; scl             ;
; A2        ; scl        ; 8.030 ; 8.052 ; Rise       ; scl             ;
; A3        ; scl        ; 7.567 ; 7.569 ; Rise       ; scl             ;
; A4        ; scl        ; 7.365 ; 7.389 ; Rise       ; scl             ;
; A5        ; scl        ; 7.903 ; 7.922 ; Rise       ; scl             ;
; A6        ; scl        ; 7.749 ; 7.789 ; Rise       ; scl             ;
; A7        ; scl        ; 9.139 ; 9.216 ; Rise       ; scl             ;
; C7[*]     ; scl        ; 7.848 ; 7.852 ; Rise       ; scl             ;
;  C7[0]    ; scl        ; 7.679 ; 7.690 ; Rise       ; scl             ;
;  C7[1]    ; scl        ; 7.794 ; 7.810 ; Rise       ; scl             ;
;  C7[2]    ; scl        ; 7.848 ; 7.852 ; Rise       ; scl             ;
; C8[*]     ; scl        ; 7.213 ; 7.213 ; Rise       ; scl             ;
;  C8[0]    ; scl        ; 7.085 ; 7.107 ; Rise       ; scl             ;
;  C8[1]    ; scl        ; 7.032 ; 7.057 ; Rise       ; scl             ;
;  C8[2]    ; scl        ; 7.051 ; 7.077 ; Rise       ; scl             ;
;  C8[3]    ; scl        ; 7.213 ; 7.213 ; Rise       ; scl             ;
; E1        ; scl        ; 7.642 ; 7.671 ; Rise       ; scl             ;
; E2        ; scl        ; 7.800 ; 7.825 ; Rise       ; scl             ;
; E3        ; scl        ; 6.949 ; 7.000 ; Rise       ; scl             ;
; HAB_DAT   ; scl        ; 8.320 ; 8.276 ; Rise       ; scl             ;
; HAB_DIR   ; scl        ; 5.757 ; 5.828 ; Rise       ; scl             ;
; ffin_dir  ; scl        ; 7.538 ; 7.540 ; Rise       ; scl             ;
; q0        ; scl        ; 7.404 ; 7.442 ; Rise       ; scl             ;
; q1        ; scl        ; 7.018 ; 7.042 ; Rise       ; scl             ;
; q2        ; scl        ; 7.059 ; 7.082 ; Rise       ; scl             ;
; q3        ; scl        ; 7.425 ; 7.439 ; Rise       ; scl             ;
; q4        ; scl        ; 7.401 ; 7.415 ; Rise       ; scl             ;
; q5        ; scl        ; 7.050 ; 7.074 ; Rise       ; scl             ;
; q6        ; scl        ; 7.034 ; 7.058 ; Rise       ; scl             ;
; q7        ; scl        ; 7.383 ; 7.401 ; Rise       ; scl             ;
; ssoy      ; scl        ; 9.141 ; 9.158 ; Rise       ; scl             ;
+-----------+------------+-------+-------+------------+-----------------+


+-----------------------------------------------------------------------+
; Minimum Clock to Output Times                                         ;
+-----------+------------+-------+-------+------------+-----------------+
; Data Port ; Clock Port ; Rise  ; Fall  ; Clock Edge ; Clock Reference ;
+-----------+------------+-------+-------+------------+-----------------+
; A1        ; scl        ; 4.152 ; 4.263 ; Rise       ; scl             ;
; A2        ; scl        ; 4.179 ; 4.294 ; Rise       ; scl             ;
; A3        ; scl        ; 3.886 ; 3.951 ; Rise       ; scl             ;
; A4        ; scl        ; 3.808 ; 3.876 ; Rise       ; scl             ;
; A5        ; scl        ; 4.075 ; 4.171 ; Rise       ; scl             ;
; A6        ; scl        ; 4.012 ; 4.104 ; Rise       ; scl             ;
; A7        ; scl        ; 4.901 ; 5.032 ; Rise       ; scl             ;
; C7[*]     ; scl        ; 3.957 ; 4.030 ; Rise       ; scl             ;
;  C7[0]    ; scl        ; 3.957 ; 4.030 ; Rise       ; scl             ;
;  C7[1]    ; scl        ; 4.031 ; 4.130 ; Rise       ; scl             ;
;  C7[2]    ; scl        ; 4.062 ; 4.154 ; Rise       ; scl             ;
; C8[*]     ; scl        ; 3.645 ; 3.714 ; Rise       ; scl             ;
;  C8[0]    ; scl        ; 3.686 ; 3.755 ; Rise       ; scl             ;
;  C8[1]    ; scl        ; 3.645 ; 3.714 ; Rise       ; scl             ;
;  C8[2]    ; scl        ; 3.665 ; 3.734 ; Rise       ; scl             ;
;  C8[3]    ; scl        ; 3.730 ; 3.804 ; Rise       ; scl             ;
; E1        ; scl        ; 3.249 ; 3.381 ; Rise       ; scl             ;
; E2        ; scl        ; 3.970 ; 4.118 ; Rise       ; scl             ;
; E3        ; scl        ; 3.669 ; 3.582 ; Rise       ; scl             ;
; HAB_DAT   ; scl        ; 4.584 ; 4.460 ; Rise       ; scl             ;
; HAB_DIR   ; scl        ; 3.010 ; 3.011 ; Rise       ; scl             ;
; ffin_dir  ; scl        ; 3.882 ; 3.956 ; Rise       ; scl             ;
; q0        ; scl        ; 3.841 ; 3.938 ; Rise       ; scl             ;
; q1        ; scl        ; 3.630 ; 3.698 ; Rise       ; scl             ;
; q2        ; scl        ; 3.670 ; 3.739 ; Rise       ; scl             ;
; q3        ; scl        ; 3.845 ; 3.940 ; Rise       ; scl             ;
; q4        ; scl        ; 3.834 ; 3.926 ; Rise       ; scl             ;
; q5        ; scl        ; 3.660 ; 3.730 ; Rise       ; scl             ;
; q6        ; scl        ; 3.648 ; 3.716 ; Rise       ; scl             ;
; q7        ; scl        ; 3.838 ; 3.926 ; Rise       ; scl             ;
; ssoy      ; scl        ; 4.481 ; 4.383 ; Rise       ; scl             ;
+-----------+------------+-------+-------+------------+-----------------+


+----------------------------------------------------------+
; Progagation Delay                                        ;
+------------+-------------+-------+-------+-------+-------+
; Input Port ; Output Port ; RR    ; RF    ; FR    ; FF    ;
+------------+-------------+-------+-------+-------+-------+
; B1         ; ssoy        ; 7.387 ; 7.480 ; 7.770 ; 7.829 ;
; B2         ; ssoy        ; 8.062 ; 8.142 ; 8.421 ; 8.437 ;
; B3         ; ssoy        ; 8.334 ; 8.388 ; 8.692 ; 8.725 ;
; B4         ; ssoy        ; 8.466 ; 8.524 ; 8.853 ; 8.877 ;
; B5         ; ssoy        ; 8.371 ; 8.440 ; 8.739 ; 8.758 ;
; B6         ; ssoy        ; 7.764 ; 7.822 ; 8.150 ; 8.171 ;
; B7         ; ssoy        ; 8.136 ; 8.240 ; 8.538 ; 8.592 ;
; rst        ; E1          ;       ; 6.952 ; 7.345 ;       ;
; rst        ; E2          ;       ; 7.295 ; 7.674 ;       ;
; rst        ; E3          ;       ; 8.028 ; 8.318 ;       ;
; rst        ; HAB_DAT     ;       ; 9.304 ; 9.689 ;       ;
; rst        ; HAB_DIR     ;       ; 6.563 ; 6.925 ;       ;
; rst        ; sda         ; 7.838 ; 7.720 ; 8.241 ; 8.241 ;
+------------+-------------+-------+-------+-------+-------+


+----------------------------------------------------------+
; Minimum Progagation Delay                                ;
+------------+-------------+-------+-------+-------+-------+
; Input Port ; Output Port ; RR    ; RF    ; FR    ; FF    ;
+------------+-------------+-------+-------+-------+-------+
; B1         ; ssoy        ; 3.874 ; 3.754 ; 4.410 ; 4.324 ;
; B2         ; ssoy        ; 4.181 ; 4.086 ; 4.768 ; 4.635 ;
; B3         ; ssoy        ; 4.357 ; 4.227 ; 4.936 ; 4.841 ;
; B4         ; ssoy        ; 4.418 ; 4.283 ; 4.990 ; 4.889 ;
; B5         ; ssoy        ; 4.356 ; 4.256 ; 4.950 ; 4.812 ;
; B6         ; ssoy        ; 4.081 ; 3.976 ; 4.642 ; 4.518 ;
; B7         ; ssoy        ; 4.268 ; 4.183 ; 4.877 ; 4.754 ;
; rst        ; E1          ;       ; 3.679 ; 4.168 ;       ;
; rst        ; E2          ;       ; 3.784 ; 4.275 ;       ;
; rst        ; E3          ;       ; 4.058 ; 4.746 ;       ;
; rst        ; HAB_DAT     ;       ; 4.936 ; 5.661 ;       ;
; rst        ; HAB_DIR     ;       ; 3.359 ; 3.955 ;       ;
; rst        ; sda         ; 4.031 ; 3.973 ; 4.467 ; 4.467 ;
+------------+-------------+-------+-------+-------+-------+


+------------------------------------------------------------------------------------------------------------------------------------------------------------------------------------------------------------------------------------------------------------------------------------------------------------------------------------------------------------------------------------------------------------------+
; Board Trace Model Assignments                                                                                                                                                                                                                                                                                                                                                                                    ;
+---------------+--------------+-------------------+-------------------------+-------------------------+---------------+---------------------+----------------+------------------+--------+------------------+------------------------+------------------------+--------------+---------------+-----------------+-------+---------------------+--------------------+---------------+-----------------+-------------+
; Pin           ; I/O Standard ; Near Tline Length ; Near Tline L per Length ; Near Tline C per Length ; Near Series R ; Near Differential R ; Near Pull-up R ; Near Pull-down R ; Near C ; Far Tline Length ; Far Tline L per Length ; Far Tline C per Length ; Far Series R ; Far Pull-up R ; Far Pull-down R ; Far C ; Termination Voltage ; Far Differential R ; EBD File Name ; EBD Signal Name ; EBD Far-end ;
+---------------+--------------+-------------------+-------------------------+-------------------------+---------------+---------------------+----------------+------------------+--------+------------------+------------------------+------------------------+--------------+---------------+-----------------+-------+---------------------+--------------------+---------------+-----------------+-------------+
; q0            ; 2.5 V        ; 0 in              ; 0 H/in                  ; 0 F/in                  ; short         ; -                   ; open           ; open             ; open   ; 0 in             ; 0 H/in                 ; 0 F/in                 ; short        ; open          ; open            ; open  ; 0 V                 ; -                  ; n/a           ; n/a             ; n/a         ;
; q1            ; 2.5 V        ; 0 in              ; 0 H/in                  ; 0 F/in                  ; short         ; -                   ; open           ; open             ; open   ; 0 in             ; 0 H/in                 ; 0 F/in                 ; short        ; open          ; open            ; open  ; 0 V                 ; -                  ; n/a           ; n/a             ; n/a         ;
; q2            ; 2.5 V        ; 0 in              ; 0 H/in                  ; 0 F/in                  ; short         ; -                   ; open           ; open             ; open   ; 0 in             ; 0 H/in                 ; 0 F/in                 ; short        ; open          ; open            ; open  ; 0 V                 ; -                  ; n/a           ; n/a             ; n/a         ;
; q3            ; 2.5 V        ; 0 in              ; 0 H/in                  ; 0 F/in                  ; short         ; -                   ; open           ; open             ; open   ; 0 in             ; 0 H/in                 ; 0 F/in                 ; short        ; open          ; open            ; open  ; 0 V                 ; -                  ; n/a           ; n/a             ; n/a         ;
; q4            ; 2.5 V        ; 0 in              ; 0 H/in                  ; 0 F/in                  ; short         ; -                   ; open           ; open             ; open   ; 0 in             ; 0 H/in                 ; 0 F/in                 ; short        ; open          ; open            ; open  ; 0 V                 ; -                  ; n/a           ; n/a             ; n/a         ;
; q5            ; 2.5 V        ; 0 in              ; 0 H/in                  ; 0 F/in                  ; short         ; -                   ; open           ; open             ; open   ; 0 in             ; 0 H/in                 ; 0 F/in                 ; short        ; open          ; open            ; open  ; 0 V                 ; -                  ; n/a           ; n/a             ; n/a         ;
; q6            ; 2.5 V        ; 0 in              ; 0 H/in                  ; 0 F/in                  ; short         ; -                   ; open           ; open             ; open   ; 0 in             ; 0 H/in                 ; 0 F/in                 ; short        ; open          ; open            ; open  ; 0 V                 ; -                  ; n/a           ; n/a             ; n/a         ;
; q7            ; 2.5 V        ; 0 in              ; 0 H/in                  ; 0 F/in                  ; short         ; -                   ; open           ; open             ; open   ; 0 in             ; 0 H/in                 ; 0 F/in                 ; short        ; open          ; open            ; open  ; 0 V                 ; -                  ; n/a           ; n/a             ; n/a         ;
; A1            ; 2.5 V        ; 0 in              ; 0 H/in                  ; 0 F/in                  ; short         ; -                   ; open           ; open             ; open   ; 0 in             ; 0 H/in                 ; 0 F/in                 ; short        ; open          ; open            ; open  ; 0 V                 ; -                  ; n/a           ; n/a             ; n/a         ;
; A2            ; 2.5 V        ; 0 in              ; 0 H/in                  ; 0 F/in                  ; short         ; -                   ; open           ; open             ; open   ; 0 in             ; 0 H/in                 ; 0 F/in                 ; short        ; open          ; open            ; open  ; 0 V                 ; -                  ; n/a           ; n/a             ; n/a         ;
; A3            ; 2.5 V        ; 0 in              ; 0 H/in                  ; 0 F/in                  ; short         ; -                   ; open           ; open             ; open   ; 0 in             ; 0 H/in                 ; 0 F/in                 ; short        ; open          ; open            ; open  ; 0 V                 ; -                  ; n/a           ; n/a             ; n/a         ;
; A4            ; 2.5 V        ; 0 in              ; 0 H/in                  ; 0 F/in                  ; short         ; -                   ; open           ; open             ; open   ; 0 in             ; 0 H/in                 ; 0 F/in                 ; short        ; open          ; open            ; open  ; 0 V                 ; -                  ; n/a           ; n/a             ; n/a         ;
; A5            ; 2.5 V        ; 0 in              ; 0 H/in                  ; 0 F/in                  ; short         ; -                   ; open           ; open             ; open   ; 0 in             ; 0 H/in                 ; 0 F/in                 ; short        ; open          ; open            ; open  ; 0 V                 ; -                  ; n/a           ; n/a             ; n/a         ;
; A6            ; 2.5 V        ; 0 in              ; 0 H/in                  ; 0 F/in                  ; short         ; -                   ; open           ; open             ; open   ; 0 in             ; 0 H/in                 ; 0 F/in                 ; short        ; open          ; open            ; open  ; 0 V                 ; -                  ; n/a           ; n/a             ; n/a         ;
; A7            ; 2.5 V        ; 0 in              ; 0 H/in                  ; 0 F/in                  ; short         ; -                   ; open           ; open             ; open   ; 0 in             ; 0 H/in                 ; 0 F/in                 ; short        ; open          ; open            ; open  ; 0 V                 ; -                  ; n/a           ; n/a             ; n/a         ;
; HAB_DIR       ; 2.5 V        ; 0 in              ; 0 H/in                  ; 0 F/in                  ; short         ; -                   ; open           ; open             ; open   ; 0 in             ; 0 H/in                 ; 0 F/in                 ; short        ; open          ; open            ; open  ; 0 V                 ; -                  ; n/a           ; n/a             ; n/a         ;
; HAB_DAT       ; 2.5 V        ; 0 in              ; 0 H/in                  ; 0 F/in                  ; short         ; -                   ; open           ; open             ; open   ; 0 in             ; 0 H/in                 ; 0 F/in                 ; short        ; open          ; open            ; open  ; 0 V                 ; -                  ; n/a           ; n/a             ; n/a         ;
; ssoy          ; 2.5 V        ; 0 in              ; 0 H/in                  ; 0 F/in                  ; short         ; -                   ; open           ; open             ; open   ; 0 in             ; 0 H/in                 ; 0 F/in                 ; short        ; open          ; open            ; open  ; 0 V                 ; -                  ; n/a           ; n/a             ; n/a         ;
; ffin_dir      ; 2.5 V        ; 0 in              ; 0 H/in                  ; 0 F/in                  ; short         ; -                   ; open           ; open             ; open   ; 0 in             ; 0 H/in                 ; 0 F/in                 ; short        ; open          ; open            ; open  ; 0 V                 ; -                  ; n/a           ; n/a             ; n/a         ;
; E1            ; 2.5 V        ; 0 in              ; 0 H/in                  ; 0 F/in                  ; short         ; -                   ; open           ; open             ; open   ; 0 in             ; 0 H/in                 ; 0 F/in                 ; short        ; open          ; open            ; open  ; 0 V                 ; -                  ; n/a           ; n/a             ; n/a         ;
; E2            ; 2.5 V        ; 0 in              ; 0 H/in                  ; 0 F/in                  ; short         ; -                   ; open           ; open             ; open   ; 0 in             ; 0 H/in                 ; 0 F/in                 ; short        ; open          ; open            ; open  ; 0 V                 ; -                  ; n/a           ; n/a             ; n/a         ;
; E3            ; 2.5 V        ; 0 in              ; 0 H/in                  ; 0 F/in                  ; short         ; -                   ; open           ; open             ; open   ; 0 in             ; 0 H/in                 ; 0 F/in                 ; short        ; open          ; open            ; open  ; 0 V                 ; -                  ; n/a           ; n/a             ; n/a         ;
; C7[2]         ; 2.5 V        ; 0 in              ; 0 H/in                  ; 0 F/in                  ; short         ; -                   ; open           ; open             ; open   ; 0 in             ; 0 H/in                 ; 0 F/in                 ; short        ; open          ; open            ; open  ; 0 V                 ; -                  ; n/a           ; n/a             ; n/a         ;
; C7[1]         ; 2.5 V        ; 0 in              ; 0 H/in                  ; 0 F/in                  ; short         ; -                   ; open           ; open             ; open   ; 0 in             ; 0 H/in                 ; 0 F/in                 ; short        ; open          ; open            ; open  ; 0 V                 ; -                  ; n/a           ; n/a             ; n/a         ;
; C7[0]         ; 2.5 V        ; 0 in              ; 0 H/in                  ; 0 F/in                  ; short         ; -                   ; open           ; open             ; open   ; 0 in             ; 0 H/in                 ; 0 F/in                 ; short        ; open          ; open            ; open  ; 0 V                 ; -                  ; n/a           ; n/a             ; n/a         ;
; C8[3]         ; 2.5 V        ; 0 in              ; 0 H/in                  ; 0 F/in                  ; short         ; -                   ; open           ; open             ; open   ; 0 in             ; 0 H/in                 ; 0 F/in                 ; short        ; open          ; open            ; open  ; 0 V                 ; -                  ; n/a           ; n/a             ; n/a         ;
; C8[2]         ; 2.5 V        ; 0 in              ; 0 H/in                  ; 0 F/in                  ; short         ; -                   ; open           ; open             ; open   ; 0 in             ; 0 H/in                 ; 0 F/in                 ; short        ; open          ; open            ; open  ; 0 V                 ; -                  ; n/a           ; n/a             ; n/a         ;
; C8[1]         ; 2.5 V        ; 0 in              ; 0 H/in                  ; 0 F/in                  ; short         ; -                   ; open           ; open             ; open   ; 0 in             ; 0 H/in                 ; 0 F/in                 ; short        ; open          ; open            ; open  ; 0 V                 ; -                  ; n/a           ; n/a             ; n/a         ;
; C8[0]         ; 2.5 V        ; 0 in              ; 0 H/in                  ; 0 F/in                  ; short         ; -                   ; open           ; open             ; open   ; 0 in             ; 0 H/in                 ; 0 F/in                 ; short        ; open          ; open            ; open  ; 0 V                 ; -                  ; n/a           ; n/a             ; n/a         ;
; sda           ; 2.5 V        ; 0 in              ; 0 H/in                  ; 0 F/in                  ; short         ; -                   ; open           ; open             ; open   ; 0 in             ; 0 H/in                 ; 0 F/in                 ; short        ; open          ; open            ; open  ; 0 V                 ; -                  ; n/a           ; n/a             ; n/a         ;
; ~ALTERA_DCLK~ ; 2.5 V        ; 0 in              ; 0 H/in                  ; 0 F/in                  ; short         ; -                   ; open           ; open             ; open   ; 0 in             ; 0 H/in                 ; 0 F/in                 ; short        ; open          ; open            ; open  ; 0 V                 ; -                  ; n/a           ; n/a             ; n/a         ;
; ~ALTERA_nCEO~ ; 2.5 V        ; 0 in              ; 0 H/in                  ; 0 F/in                  ; short         ; -                   ; open           ; open             ; open   ; 0 in             ; 0 H/in                 ; 0 F/in                 ; short        ; open          ; open            ; open  ; 0 V                 ; -                  ; n/a           ; n/a             ; n/a         ;
+---------------+--------------+-------------------+-------------------------+-------------------------+---------------+---------------------+----------------+------------------+--------+------------------+------------------------+------------------------+--------------+---------------+-----------------+-------+---------------------+--------------------+---------------+-----------------+-------------+


+----------------------------------------------------------------------------+
; Input Transition Times                                                     ;
+-------------------------+--------------+-----------------+-----------------+
; Pin                     ; I/O Standard ; 10-90 Rise Time ; 90-10 Fall Time ;
+-------------------------+--------------+-----------------+-----------------+
; sda                     ; 2.5 V        ; 2000 ps         ; 2000 ps         ;
; rst                     ; 2.5 V        ; 2000 ps         ; 2000 ps         ;
; B1                      ; 2.5 V        ; 2000 ps         ; 2000 ps         ;
; B7                      ; 2.5 V        ; 2000 ps         ; 2000 ps         ;
; B2                      ; 2.5 V        ; 2000 ps         ; 2000 ps         ;
; B3                      ; 2.5 V        ; 2000 ps         ; 2000 ps         ;
; B6                      ; 2.5 V        ; 2000 ps         ; 2000 ps         ;
; B4                      ; 2.5 V        ; 2000 ps         ; 2000 ps         ;
; B5                      ; 2.5 V        ; 2000 ps         ; 2000 ps         ;
; scl                     ; 2.5 V        ; 2000 ps         ; 2000 ps         ;
; ~ALTERA_ASDO_DATA1~     ; 2.5 V        ; 2000 ps         ; 2000 ps         ;
; ~ALTERA_FLASH_nCE_nCSO~ ; 2.5 V        ; 2000 ps         ; 2000 ps         ;
; ~ALTERA_DATA0~          ; 2.5 V        ; 2000 ps         ; 2000 ps         ;
+-------------------------+--------------+-----------------+-----------------+


+--------------------------------------------------------------------------------------------------------------------------------------------------------------------------------------------------------------------------------------------------------------------------------------------------------------------------------------------------------------------------------------------------------------------------------------------------------------------------------------------------------------------------------------------------------------------------------------------------------------------------------------------------------------------------------------------+
; Slow Corner Signal Integrity Metrics                                                                                                                                                                                                                                                                                                                                                                                                                                                                                                                                                                                                                                                       ;
+---------------+--------------+---------------------+---------------------+------------------------------+------------------------------+---------------------+---------------------+--------------------------------------+--------------------------------------+-----------------------------+-----------------------------+----------------------------+----------------------------+-----------------------------+-----------------------------+--------------------+--------------------+-------------------------------------+-------------------------------------+----------------------------+----------------------------+---------------------------+---------------------------+
; Pin           ; I/O Standard ; Board Delay on Rise ; Board Delay on Fall ; Steady State Voh at FPGA Pin ; Steady State Vol at FPGA Pin ; Voh Max at FPGA Pin ; Vol Min at FPGA Pin ; Ringback Voltage on Rise at FPGA Pin ; Ringback Voltage on Fall at FPGA Pin ; 10-90 Rise Time at FPGA Pin ; 90-10 Fall Time at FPGA Pin ; Monotonic Rise at FPGA Pin ; Monotonic Fall at FPGA Pin ; Steady State Voh at Far-end ; Steady State Vol at Far-end ; Voh Max at Far-end ; Vol Min at Far-end ; Ringback Voltage on Rise at Far-end ; Ringback Voltage on Fall at Far-end ; 10-90 Rise Time at Far-end ; 90-10 Fall Time at Far-end ; Monotonic Rise at Far-end ; Monotonic Fall at Far-end ;
+---------------+--------------+---------------------+---------------------+------------------------------+------------------------------+---------------------+---------------------+--------------------------------------+--------------------------------------+-----------------------------+-----------------------------+----------------------------+----------------------------+-----------------------------+-----------------------------+--------------------+--------------------+-------------------------------------+-------------------------------------+----------------------------+----------------------------+---------------------------+---------------------------+
; q0            ; 2.5 V        ; 0 s                 ; 0 s                 ; 2.32 V                       ; 3.66e-07 V                   ; 2.35 V              ; -0.00828 V          ; 0.118 V                              ; 0.032 V                              ; 6.66e-10 s                  ; 6.27e-10 s                  ; Yes                        ; Yes                        ; 2.32 V                      ; 3.66e-07 V                  ; 2.35 V             ; -0.00828 V         ; 0.118 V                             ; 0.032 V                             ; 6.66e-10 s                 ; 6.27e-10 s                 ; Yes                       ; Yes                       ;
; q1            ; 2.5 V        ; 0 s                 ; 0 s                 ; 2.32 V                       ; 3.66e-07 V                   ; 2.35 V              ; -0.00828 V          ; 0.118 V                              ; 0.032 V                              ; 6.66e-10 s                  ; 6.27e-10 s                  ; Yes                        ; Yes                        ; 2.32 V                      ; 3.66e-07 V                  ; 2.35 V             ; -0.00828 V         ; 0.118 V                             ; 0.032 V                             ; 6.66e-10 s                 ; 6.27e-10 s                 ; Yes                       ; Yes                       ;
; q2            ; 2.5 V        ; 0 s                 ; 0 s                 ; 2.32 V                       ; 3.66e-07 V                   ; 2.35 V              ; -0.00828 V          ; 0.118 V                              ; 0.032 V                              ; 6.66e-10 s                  ; 6.27e-10 s                  ; Yes                        ; Yes                        ; 2.32 V                      ; 3.66e-07 V                  ; 2.35 V             ; -0.00828 V         ; 0.118 V                             ; 0.032 V                             ; 6.66e-10 s                 ; 6.27e-10 s                 ; Yes                       ; Yes                       ;
; q3            ; 2.5 V        ; 0 s                 ; 0 s                 ; 2.32 V                       ; 3.66e-07 V                   ; 2.35 V              ; -0.00828 V          ; 0.118 V                              ; 0.032 V                              ; 6.66e-10 s                  ; 6.27e-10 s                  ; Yes                        ; Yes                        ; 2.32 V                      ; 3.66e-07 V                  ; 2.35 V             ; -0.00828 V         ; 0.118 V                             ; 0.032 V                             ; 6.66e-10 s                 ; 6.27e-10 s                 ; Yes                       ; Yes                       ;
; q4            ; 2.5 V        ; 0 s                 ; 0 s                 ; 2.32 V                       ; 3.66e-07 V                   ; 2.35 V              ; -0.00828 V          ; 0.118 V                              ; 0.032 V                              ; 6.66e-10 s                  ; 6.27e-10 s                  ; Yes                        ; Yes                        ; 2.32 V                      ; 3.66e-07 V                  ; 2.35 V             ; -0.00828 V         ; 0.118 V                             ; 0.032 V                             ; 6.66e-10 s                 ; 6.27e-10 s                 ; Yes                       ; Yes                       ;
; q5            ; 2.5 V        ; 0 s                 ; 0 s                 ; 2.32 V                       ; 3.66e-07 V                   ; 2.35 V              ; -0.00828 V          ; 0.118 V                              ; 0.032 V                              ; 6.66e-10 s                  ; 6.27e-10 s                  ; Yes                        ; Yes                        ; 2.32 V                      ; 3.66e-07 V                  ; 2.35 V             ; -0.00828 V         ; 0.118 V                             ; 0.032 V                             ; 6.66e-10 s                 ; 6.27e-10 s                 ; Yes                       ; Yes                       ;
; q6            ; 2.5 V        ; 0 s                 ; 0 s                 ; 2.32 V                       ; 3.66e-07 V                   ; 2.35 V              ; -0.00828 V          ; 0.118 V                              ; 0.032 V                              ; 6.66e-10 s                  ; 6.27e-10 s                  ; Yes                        ; Yes                        ; 2.32 V                      ; 3.66e-07 V                  ; 2.35 V             ; -0.00828 V         ; 0.118 V                             ; 0.032 V                             ; 6.66e-10 s                 ; 6.27e-10 s                 ; Yes                       ; Yes                       ;
; q7            ; 2.5 V        ; 0 s                 ; 0 s                 ; 2.32 V                       ; 3.66e-07 V                   ; 2.35 V              ; -0.00828 V          ; 0.118 V                              ; 0.032 V                              ; 6.66e-10 s                  ; 6.27e-10 s                  ; Yes                        ; Yes                        ; 2.32 V                      ; 3.66e-07 V                  ; 2.35 V             ; -0.00828 V         ; 0.118 V                             ; 0.032 V                             ; 6.66e-10 s                 ; 6.27e-10 s                 ; Yes                       ; Yes                       ;
; A1            ; 2.5 V        ; 0 s                 ; 0 s                 ; 2.32 V                       ; 3.66e-07 V                   ; 2.35 V              ; -0.00828 V          ; 0.118 V                              ; 0.032 V                              ; 6.66e-10 s                  ; 6.27e-10 s                  ; Yes                        ; Yes                        ; 2.32 V                      ; 3.66e-07 V                  ; 2.35 V             ; -0.00828 V         ; 0.118 V                             ; 0.032 V                             ; 6.66e-10 s                 ; 6.27e-10 s                 ; Yes                       ; Yes                       ;
; A2            ; 2.5 V        ; 0 s                 ; 0 s                 ; 2.32 V                       ; 3.66e-07 V                   ; 2.35 V              ; -0.00828 V          ; 0.118 V                              ; 0.032 V                              ; 6.66e-10 s                  ; 6.27e-10 s                  ; Yes                        ; Yes                        ; 2.32 V                      ; 3.66e-07 V                  ; 2.35 V             ; -0.00828 V         ; 0.118 V                             ; 0.032 V                             ; 6.66e-10 s                 ; 6.27e-10 s                 ; Yes                       ; Yes                       ;
; A3            ; 2.5 V        ; 0 s                 ; 0 s                 ; 2.32 V                       ; 3.66e-07 V                   ; 2.36 V              ; -0.00376 V          ; 0.11 V                               ; 0.005 V                              ; 4.55e-10 s                  ; 4.36e-10 s                  ; Yes                        ; Yes                        ; 2.32 V                      ; 3.66e-07 V                  ; 2.36 V             ; -0.00376 V         ; 0.11 V                              ; 0.005 V                             ; 4.55e-10 s                 ; 4.36e-10 s                 ; Yes                       ; Yes                       ;
; A4            ; 2.5 V        ; 0 s                 ; 0 s                 ; 2.32 V                       ; 3.66e-07 V                   ; 2.35 V              ; -0.00828 V          ; 0.118 V                              ; 0.032 V                              ; 6.66e-10 s                  ; 6.27e-10 s                  ; Yes                        ; Yes                        ; 2.32 V                      ; 3.66e-07 V                  ; 2.35 V             ; -0.00828 V         ; 0.118 V                             ; 0.032 V                             ; 6.66e-10 s                 ; 6.27e-10 s                 ; Yes                       ; Yes                       ;
; A5            ; 2.5 V        ; 0 s                 ; 0 s                 ; 2.32 V                       ; 3.66e-07 V                   ; 2.35 V              ; -0.00828 V          ; 0.118 V                              ; 0.032 V                              ; 6.66e-10 s                  ; 6.27e-10 s                  ; Yes                        ; Yes                        ; 2.32 V                      ; 3.66e-07 V                  ; 2.35 V             ; -0.00828 V         ; 0.118 V                             ; 0.032 V                             ; 6.66e-10 s                 ; 6.27e-10 s                 ; Yes                       ; Yes                       ;
; A6            ; 2.5 V        ; 0 s                 ; 0 s                 ; 2.32 V                       ; 3.66e-07 V                   ; 2.35 V              ; -0.00828 V          ; 0.118 V                              ; 0.032 V                              ; 6.66e-10 s                  ; 6.27e-10 s                  ; Yes                        ; Yes                        ; 2.32 V                      ; 3.66e-07 V                  ; 2.35 V             ; -0.00828 V         ; 0.118 V                             ; 0.032 V                             ; 6.66e-10 s                 ; 6.27e-10 s                 ; Yes                       ; Yes                       ;
; A7            ; 2.5 V        ; 0 s                 ; 0 s                 ; 2.32 V                       ; 3.66e-07 V                   ; 2.33 V              ; -0.0027 V           ; 0.131 V                              ; 0.055 V                              ; 3.54e-09 s                  ; 3.29e-09 s                  ; Yes                        ; Yes                        ; 2.32 V                      ; 3.66e-07 V                  ; 2.33 V             ; -0.0027 V          ; 0.131 V                             ; 0.055 V                             ; 3.54e-09 s                 ; 3.29e-09 s                 ; Yes                       ; Yes                       ;
; HAB_DIR       ; 2.5 V        ; 0 s                 ; 0 s                 ; 2.32 V                       ; 3.66e-07 V                   ; 2.35 V              ; -0.00828 V          ; 0.118 V                              ; 0.032 V                              ; 6.66e-10 s                  ; 6.27e-10 s                  ; Yes                        ; Yes                        ; 2.32 V                      ; 3.66e-07 V                  ; 2.35 V             ; -0.00828 V         ; 0.118 V                             ; 0.032 V                             ; 6.66e-10 s                 ; 6.27e-10 s                 ; Yes                       ; Yes                       ;
; HAB_DAT       ; 2.5 V        ; 0 s                 ; 0 s                 ; 2.32 V                       ; 3.66e-07 V                   ; 2.33 V              ; -0.0027 V           ; 0.131 V                              ; 0.055 V                              ; 3.54e-09 s                  ; 3.29e-09 s                  ; Yes                        ; Yes                        ; 2.32 V                      ; 3.66e-07 V                  ; 2.33 V             ; -0.0027 V          ; 0.131 V                             ; 0.055 V                             ; 3.54e-09 s                 ; 3.29e-09 s                 ; Yes                       ; Yes                       ;
; ssoy          ; 2.5 V        ; 0 s                 ; 0 s                 ; 2.32 V                       ; 3.66e-07 V                   ; 2.35 V              ; -0.00828 V          ; 0.118 V                              ; 0.032 V                              ; 6.66e-10 s                  ; 6.27e-10 s                  ; Yes                        ; Yes                        ; 2.32 V                      ; 3.66e-07 V                  ; 2.35 V             ; -0.00828 V         ; 0.118 V                             ; 0.032 V                             ; 6.66e-10 s                 ; 6.27e-10 s                 ; Yes                       ; Yes                       ;
; ffin_dir      ; 2.5 V        ; 0 s                 ; 0 s                 ; 2.32 V                       ; 3.66e-07 V                   ; 2.35 V              ; -0.00828 V          ; 0.118 V                              ; 0.032 V                              ; 6.66e-10 s                  ; 6.27e-10 s                  ; Yes                        ; Yes                        ; 2.32 V                      ; 3.66e-07 V                  ; 2.35 V             ; -0.00828 V         ; 0.118 V                             ; 0.032 V                             ; 6.66e-10 s                 ; 6.27e-10 s                 ; Yes                       ; Yes                       ;
; E1            ; 2.5 V        ; 0 s                 ; 0 s                 ; 2.32 V                       ; 3.66e-07 V                   ; 2.35 V              ; -0.00828 V          ; 0.118 V                              ; 0.032 V                              ; 6.66e-10 s                  ; 6.27e-10 s                  ; Yes                        ; Yes                        ; 2.32 V                      ; 3.66e-07 V                  ; 2.35 V             ; -0.00828 V         ; 0.118 V                             ; 0.032 V                             ; 6.66e-10 s                 ; 6.27e-10 s                 ; Yes                       ; Yes                       ;
; E2            ; 2.5 V        ; 0 s                 ; 0 s                 ; 2.32 V                       ; 3.66e-07 V                   ; 2.35 V              ; -0.00828 V          ; 0.118 V                              ; 0.032 V                              ; 6.66e-10 s                  ; 6.27e-10 s                  ; Yes                        ; Yes                        ; 2.32 V                      ; 3.66e-07 V                  ; 2.35 V             ; -0.00828 V         ; 0.118 V                             ; 0.032 V                             ; 6.66e-10 s                 ; 6.27e-10 s                 ; Yes                       ; Yes                       ;
; E3            ; 2.5 V        ; 0 s                 ; 0 s                 ; 2.32 V                       ; 3.66e-07 V                   ; 2.35 V              ; -0.00828 V          ; 0.118 V                              ; 0.032 V                              ; 6.66e-10 s                  ; 6.27e-10 s                  ; Yes                        ; Yes                        ; 2.32 V                      ; 3.66e-07 V                  ; 2.35 V             ; -0.00828 V         ; 0.118 V                             ; 0.032 V                             ; 6.66e-10 s                 ; 6.27e-10 s                 ; Yes                       ; Yes                       ;
; C7[2]         ; 2.5 V        ; 0 s                 ; 0 s                 ; 2.32 V                       ; 3.66e-07 V                   ; 2.35 V              ; -0.00828 V          ; 0.118 V                              ; 0.032 V                              ; 6.66e-10 s                  ; 6.27e-10 s                  ; Yes                        ; Yes                        ; 2.32 V                      ; 3.66e-07 V                  ; 2.35 V             ; -0.00828 V         ; 0.118 V                             ; 0.032 V                             ; 6.66e-10 s                 ; 6.27e-10 s                 ; Yes                       ; Yes                       ;
; C7[1]         ; 2.5 V        ; 0 s                 ; 0 s                 ; 2.32 V                       ; 3.66e-07 V                   ; 2.35 V              ; -0.00828 V          ; 0.118 V                              ; 0.032 V                              ; 6.66e-10 s                  ; 6.27e-10 s                  ; Yes                        ; Yes                        ; 2.32 V                      ; 3.66e-07 V                  ; 2.35 V             ; -0.00828 V         ; 0.118 V                             ; 0.032 V                             ; 6.66e-10 s                 ; 6.27e-10 s                 ; Yes                       ; Yes                       ;
; C7[0]         ; 2.5 V        ; 0 s                 ; 0 s                 ; 2.32 V                       ; 3.66e-07 V                   ; 2.36 V              ; -0.00376 V          ; 0.11 V                               ; 0.005 V                              ; 4.55e-10 s                  ; 4.36e-10 s                  ; Yes                        ; Yes                        ; 2.32 V                      ; 3.66e-07 V                  ; 2.36 V             ; -0.00376 V         ; 0.11 V                              ; 0.005 V                             ; 4.55e-10 s                 ; 4.36e-10 s                 ; Yes                       ; Yes                       ;
; C8[3]         ; 2.5 V        ; 0 s                 ; 0 s                 ; 2.32 V                       ; 3.66e-07 V                   ; 2.35 V              ; -0.00828 V          ; 0.118 V                              ; 0.032 V                              ; 6.66e-10 s                  ; 6.27e-10 s                  ; Yes                        ; Yes                        ; 2.32 V                      ; 3.66e-07 V                  ; 2.35 V             ; -0.00828 V         ; 0.118 V                             ; 0.032 V                             ; 6.66e-10 s                 ; 6.27e-10 s                 ; Yes                       ; Yes                       ;
; C8[2]         ; 2.5 V        ; 0 s                 ; 0 s                 ; 2.32 V                       ; 3.66e-07 V                   ; 2.35 V              ; -0.00828 V          ; 0.118 V                              ; 0.032 V                              ; 6.66e-10 s                  ; 6.27e-10 s                  ; Yes                        ; Yes                        ; 2.32 V                      ; 3.66e-07 V                  ; 2.35 V             ; -0.00828 V         ; 0.118 V                             ; 0.032 V                             ; 6.66e-10 s                 ; 6.27e-10 s                 ; Yes                       ; Yes                       ;
; C8[1]         ; 2.5 V        ; 0 s                 ; 0 s                 ; 2.32 V                       ; 3.66e-07 V                   ; 2.35 V              ; -0.00828 V          ; 0.118 V                              ; 0.032 V                              ; 6.66e-10 s                  ; 6.27e-10 s                  ; Yes                        ; Yes                        ; 2.32 V                      ; 3.66e-07 V                  ; 2.35 V             ; -0.00828 V         ; 0.118 V                             ; 0.032 V                             ; 6.66e-10 s                 ; 6.27e-10 s                 ; Yes                       ; Yes                       ;
; C8[0]         ; 2.5 V        ; 0 s                 ; 0 s                 ; 2.32 V                       ; 3.66e-07 V                   ; 2.35 V              ; -0.00828 V          ; 0.118 V                              ; 0.032 V                              ; 6.66e-10 s                  ; 6.27e-10 s                  ; Yes                        ; Yes                        ; 2.32 V                      ; 3.66e-07 V                  ; 2.35 V             ; -0.00828 V         ; 0.118 V                             ; 0.032 V                             ; 6.66e-10 s                 ; 6.27e-10 s                 ; Yes                       ; Yes                       ;
; sda           ; 2.5 V        ; 0 s                 ; 0 s                 ; 2.32 V                       ; 3.66e-07 V                   ; 2.35 V              ; -0.00828 V          ; 0.118 V                              ; 0.032 V                              ; 6.66e-10 s                  ; 6.27e-10 s                  ; Yes                        ; Yes                        ; 2.32 V                      ; 3.66e-07 V                  ; 2.35 V             ; -0.00828 V         ; 0.118 V                             ; 0.032 V                             ; 6.66e-10 s                 ; 6.27e-10 s                 ; Yes                       ; Yes                       ;
; ~ALTERA_DCLK~ ; 2.5 V        ; 0 s                 ; 0 s                 ; 2.32 V                       ; 2.92e-07 V                   ; 2.35 V              ; -0.0133 V           ; 0.084 V                              ; 0.028 V                              ; 4.31e-10 s                  ; 3.59e-10 s                  ; Yes                        ; Yes                        ; 2.32 V                      ; 2.92e-07 V                  ; 2.35 V             ; -0.0133 V          ; 0.084 V                             ; 0.028 V                             ; 4.31e-10 s                 ; 3.59e-10 s                 ; Yes                       ; Yes                       ;
; ~ALTERA_nCEO~ ; 2.5 V        ; 0 s                 ; 0 s                 ; 2.32 V                       ; 4.8e-07 V                    ; 2.35 V              ; -0.00679 V          ; 0.09 V                               ; 0.045 V                              ; 6.2e-10 s                   ; 7.91e-10 s                  ; Yes                        ; Yes                        ; 2.32 V                      ; 4.8e-07 V                   ; 2.35 V             ; -0.00679 V         ; 0.09 V                              ; 0.045 V                             ; 6.2e-10 s                  ; 7.91e-10 s                 ; Yes                       ; Yes                       ;
+---------------+--------------+---------------------+---------------------+------------------------------+------------------------------+---------------------+---------------------+--------------------------------------+--------------------------------------+-----------------------------+-----------------------------+----------------------------+----------------------------+-----------------------------+-----------------------------+--------------------+--------------------+-------------------------------------+-------------------------------------+----------------------------+----------------------------+---------------------------+---------------------------+


+--------------------------------------------------------------------------------------------------------------------------------------------------------------------------------------------------------------------------------------------------------------------------------------------------------------------------------------------------------------------------------------------------------------------------------------------------------------------------------------------------------------------------------------------------------------------------------------------------------------------------------------------------------------------------------------------+
; Fast Corner Signal Integrity Metrics                                                                                                                                                                                                                                                                                                                                                                                                                                                                                                                                                                                                                                                       ;
+---------------+--------------+---------------------+---------------------+------------------------------+------------------------------+---------------------+---------------------+--------------------------------------+--------------------------------------+-----------------------------+-----------------------------+----------------------------+----------------------------+-----------------------------+-----------------------------+--------------------+--------------------+-------------------------------------+-------------------------------------+----------------------------+----------------------------+---------------------------+---------------------------+
; Pin           ; I/O Standard ; Board Delay on Rise ; Board Delay on Fall ; Steady State Voh at FPGA Pin ; Steady State Vol at FPGA Pin ; Voh Max at FPGA Pin ; Vol Min at FPGA Pin ; Ringback Voltage on Rise at FPGA Pin ; Ringback Voltage on Fall at FPGA Pin ; 10-90 Rise Time at FPGA Pin ; 90-10 Fall Time at FPGA Pin ; Monotonic Rise at FPGA Pin ; Monotonic Fall at FPGA Pin ; Steady State Voh at Far-end ; Steady State Vol at Far-end ; Voh Max at Far-end ; Vol Min at Far-end ; Ringback Voltage on Rise at Far-end ; Ringback Voltage on Fall at Far-end ; 10-90 Rise Time at Far-end ; 90-10 Fall Time at Far-end ; Monotonic Rise at Far-end ; Monotonic Fall at Far-end ;
+---------------+--------------+---------------------+---------------------+------------------------------+------------------------------+---------------------+---------------------+--------------------------------------+--------------------------------------+-----------------------------+-----------------------------+----------------------------+----------------------------+-----------------------------+-----------------------------+--------------------+--------------------+-------------------------------------+-------------------------------------+----------------------------+----------------------------+---------------------------+---------------------------+
; q0            ; 2.5 V        ; 0 s                 ; 0 s                 ; 2.62 V                       ; 2.7e-08 V                    ; 2.71 V              ; -0.0354 V           ; 0.148 V                              ; 0.064 V                              ; 4.51e-10 s                  ; 4.14e-10 s                  ; No                         ; Yes                        ; 2.62 V                      ; 2.7e-08 V                   ; 2.71 V             ; -0.0354 V          ; 0.148 V                             ; 0.064 V                             ; 4.51e-10 s                 ; 4.14e-10 s                 ; No                        ; Yes                       ;
; q1            ; 2.5 V        ; 0 s                 ; 0 s                 ; 2.62 V                       ; 2.7e-08 V                    ; 2.71 V              ; -0.0354 V           ; 0.148 V                              ; 0.064 V                              ; 4.51e-10 s                  ; 4.14e-10 s                  ; No                         ; Yes                        ; 2.62 V                      ; 2.7e-08 V                   ; 2.71 V             ; -0.0354 V          ; 0.148 V                             ; 0.064 V                             ; 4.51e-10 s                 ; 4.14e-10 s                 ; No                        ; Yes                       ;
; q2            ; 2.5 V        ; 0 s                 ; 0 s                 ; 2.62 V                       ; 2.7e-08 V                    ; 2.71 V              ; -0.0354 V           ; 0.148 V                              ; 0.064 V                              ; 4.51e-10 s                  ; 4.14e-10 s                  ; No                         ; Yes                        ; 2.62 V                      ; 2.7e-08 V                   ; 2.71 V             ; -0.0354 V          ; 0.148 V                             ; 0.064 V                             ; 4.51e-10 s                 ; 4.14e-10 s                 ; No                        ; Yes                       ;
; q3            ; 2.5 V        ; 0 s                 ; 0 s                 ; 2.62 V                       ; 2.7e-08 V                    ; 2.71 V              ; -0.0354 V           ; 0.148 V                              ; 0.064 V                              ; 4.51e-10 s                  ; 4.14e-10 s                  ; No                         ; Yes                        ; 2.62 V                      ; 2.7e-08 V                   ; 2.71 V             ; -0.0354 V          ; 0.148 V                             ; 0.064 V                             ; 4.51e-10 s                 ; 4.14e-10 s                 ; No                        ; Yes                       ;
; q4            ; 2.5 V        ; 0 s                 ; 0 s                 ; 2.62 V                       ; 2.7e-08 V                    ; 2.71 V              ; -0.0354 V           ; 0.148 V                              ; 0.064 V                              ; 4.51e-10 s                  ; 4.14e-10 s                  ; No                         ; Yes                        ; 2.62 V                      ; 2.7e-08 V                   ; 2.71 V             ; -0.0354 V          ; 0.148 V                             ; 0.064 V                             ; 4.51e-10 s                 ; 4.14e-10 s                 ; No                        ; Yes                       ;
; q5            ; 2.5 V        ; 0 s                 ; 0 s                 ; 2.62 V                       ; 2.7e-08 V                    ; 2.71 V              ; -0.0354 V           ; 0.148 V                              ; 0.064 V                              ; 4.51e-10 s                  ; 4.14e-10 s                  ; No                         ; Yes                        ; 2.62 V                      ; 2.7e-08 V                   ; 2.71 V             ; -0.0354 V          ; 0.148 V                             ; 0.064 V                             ; 4.51e-10 s                 ; 4.14e-10 s                 ; No                        ; Yes                       ;
; q6            ; 2.5 V        ; 0 s                 ; 0 s                 ; 2.62 V                       ; 2.7e-08 V                    ; 2.71 V              ; -0.0354 V           ; 0.148 V                              ; 0.064 V                              ; 4.51e-10 s                  ; 4.14e-10 s                  ; No                         ; Yes                        ; 2.62 V                      ; 2.7e-08 V                   ; 2.71 V             ; -0.0354 V          ; 0.148 V                             ; 0.064 V                             ; 4.51e-10 s                 ; 4.14e-10 s                 ; No                        ; Yes                       ;
; q7            ; 2.5 V        ; 0 s                 ; 0 s                 ; 2.62 V                       ; 2.7e-08 V                    ; 2.71 V              ; -0.0354 V           ; 0.148 V                              ; 0.064 V                              ; 4.51e-10 s                  ; 4.14e-10 s                  ; No                         ; Yes                        ; 2.62 V                      ; 2.7e-08 V                   ; 2.71 V             ; -0.0354 V          ; 0.148 V                             ; 0.064 V                             ; 4.51e-10 s                 ; 4.14e-10 s                 ; No                        ; Yes                       ;
; A1            ; 2.5 V        ; 0 s                 ; 0 s                 ; 2.62 V                       ; 2.7e-08 V                    ; 2.71 V              ; -0.0354 V           ; 0.148 V                              ; 0.064 V                              ; 4.51e-10 s                  ; 4.14e-10 s                  ; No                         ; Yes                        ; 2.62 V                      ; 2.7e-08 V                   ; 2.71 V             ; -0.0354 V          ; 0.148 V                             ; 0.064 V                             ; 4.51e-10 s                 ; 4.14e-10 s                 ; No                        ; Yes                       ;
; A2            ; 2.5 V        ; 0 s                 ; 0 s                 ; 2.62 V                       ; 2.7e-08 V                    ; 2.71 V              ; -0.0354 V           ; 0.148 V                              ; 0.064 V                              ; 4.51e-10 s                  ; 4.14e-10 s                  ; No                         ; Yes                        ; 2.62 V                      ; 2.7e-08 V                   ; 2.71 V             ; -0.0354 V          ; 0.148 V                             ; 0.064 V                             ; 4.51e-10 s                 ; 4.14e-10 s                 ; No                        ; Yes                       ;
; A3            ; 2.5 V        ; 0 s                 ; 0 s                 ; 2.62 V                       ; 2.7e-08 V                    ; 2.72 V              ; -0.0401 V           ; 0.163 V                              ; 0.091 V                              ; 2.71e-10 s                  ; 2.61e-10 s                  ; Yes                        ; Yes                        ; 2.62 V                      ; 2.7e-08 V                   ; 2.72 V             ; -0.0401 V          ; 0.163 V                             ; 0.091 V                             ; 2.71e-10 s                 ; 2.61e-10 s                 ; Yes                       ; Yes                       ;
; A4            ; 2.5 V        ; 0 s                 ; 0 s                 ; 2.62 V                       ; 2.7e-08 V                    ; 2.71 V              ; -0.0354 V           ; 0.148 V                              ; 0.064 V                              ; 4.51e-10 s                  ; 4.14e-10 s                  ; No                         ; Yes                        ; 2.62 V                      ; 2.7e-08 V                   ; 2.71 V             ; -0.0354 V          ; 0.148 V                             ; 0.064 V                             ; 4.51e-10 s                 ; 4.14e-10 s                 ; No                        ; Yes                       ;
; A5            ; 2.5 V        ; 0 s                 ; 0 s                 ; 2.62 V                       ; 2.7e-08 V                    ; 2.71 V              ; -0.0354 V           ; 0.148 V                              ; 0.064 V                              ; 4.51e-10 s                  ; 4.14e-10 s                  ; No                         ; Yes                        ; 2.62 V                      ; 2.7e-08 V                   ; 2.71 V             ; -0.0354 V          ; 0.148 V                             ; 0.064 V                             ; 4.51e-10 s                 ; 4.14e-10 s                 ; No                        ; Yes                       ;
; A6            ; 2.5 V        ; 0 s                 ; 0 s                 ; 2.62 V                       ; 2.7e-08 V                    ; 2.71 V              ; -0.0354 V           ; 0.148 V                              ; 0.064 V                              ; 4.51e-10 s                  ; 4.14e-10 s                  ; No                         ; Yes                        ; 2.62 V                      ; 2.7e-08 V                   ; 2.71 V             ; -0.0354 V          ; 0.148 V                             ; 0.064 V                             ; 4.51e-10 s                 ; 4.14e-10 s                 ; No                        ; Yes                       ;
; A7            ; 2.5 V        ; 0 s                 ; 0 s                 ; 2.62 V                       ; 2.7e-08 V                    ; 2.64 V              ; -0.0118 V           ; 0.201 V                              ; 0.175 V                              ; 2.38e-09 s                  ; 2.21e-09 s                  ; No                         ; Yes                        ; 2.62 V                      ; 2.7e-08 V                   ; 2.64 V             ; -0.0118 V          ; 0.201 V                             ; 0.175 V                             ; 2.38e-09 s                 ; 2.21e-09 s                 ; No                        ; Yes                       ;
; HAB_DIR       ; 2.5 V        ; 0 s                 ; 0 s                 ; 2.62 V                       ; 2.7e-08 V                    ; 2.71 V              ; -0.0354 V           ; 0.148 V                              ; 0.064 V                              ; 4.51e-10 s                  ; 4.14e-10 s                  ; No                         ; Yes                        ; 2.62 V                      ; 2.7e-08 V                   ; 2.71 V             ; -0.0354 V          ; 0.148 V                             ; 0.064 V                             ; 4.51e-10 s                 ; 4.14e-10 s                 ; No                        ; Yes                       ;
; HAB_DAT       ; 2.5 V        ; 0 s                 ; 0 s                 ; 2.62 V                       ; 2.7e-08 V                    ; 2.64 V              ; -0.0118 V           ; 0.201 V                              ; 0.175 V                              ; 2.38e-09 s                  ; 2.21e-09 s                  ; No                         ; Yes                        ; 2.62 V                      ; 2.7e-08 V                   ; 2.64 V             ; -0.0118 V          ; 0.201 V                             ; 0.175 V                             ; 2.38e-09 s                 ; 2.21e-09 s                 ; No                        ; Yes                       ;
; ssoy          ; 2.5 V        ; 0 s                 ; 0 s                 ; 2.62 V                       ; 2.7e-08 V                    ; 2.71 V              ; -0.0354 V           ; 0.148 V                              ; 0.064 V                              ; 4.51e-10 s                  ; 4.14e-10 s                  ; No                         ; Yes                        ; 2.62 V                      ; 2.7e-08 V                   ; 2.71 V             ; -0.0354 V          ; 0.148 V                             ; 0.064 V                             ; 4.51e-10 s                 ; 4.14e-10 s                 ; No                        ; Yes                       ;
; ffin_dir      ; 2.5 V        ; 0 s                 ; 0 s                 ; 2.62 V                       ; 2.7e-08 V                    ; 2.71 V              ; -0.0354 V           ; 0.148 V                              ; 0.064 V                              ; 4.51e-10 s                  ; 4.14e-10 s                  ; No                         ; Yes                        ; 2.62 V                      ; 2.7e-08 V                   ; 2.71 V             ; -0.0354 V          ; 0.148 V                             ; 0.064 V                             ; 4.51e-10 s                 ; 4.14e-10 s                 ; No                        ; Yes                       ;
; E1            ; 2.5 V        ; 0 s                 ; 0 s                 ; 2.62 V                       ; 2.7e-08 V                    ; 2.71 V              ; -0.0354 V           ; 0.148 V                              ; 0.064 V                              ; 4.51e-10 s                  ; 4.14e-10 s                  ; No                         ; Yes                        ; 2.62 V                      ; 2.7e-08 V                   ; 2.71 V             ; -0.0354 V          ; 0.148 V                             ; 0.064 V                             ; 4.51e-10 s                 ; 4.14e-10 s                 ; No                        ; Yes                       ;
; E2            ; 2.5 V        ; 0 s                 ; 0 s                 ; 2.62 V                       ; 2.7e-08 V                    ; 2.71 V              ; -0.0354 V           ; 0.148 V                              ; 0.064 V                              ; 4.51e-10 s                  ; 4.14e-10 s                  ; No                         ; Yes                        ; 2.62 V                      ; 2.7e-08 V                   ; 2.71 V             ; -0.0354 V          ; 0.148 V                             ; 0.064 V                             ; 4.51e-10 s                 ; 4.14e-10 s                 ; No                        ; Yes                       ;
; E3            ; 2.5 V        ; 0 s                 ; 0 s                 ; 2.62 V                       ; 2.7e-08 V                    ; 2.71 V              ; -0.0354 V           ; 0.148 V                              ; 0.064 V                              ; 4.51e-10 s                  ; 4.14e-10 s                  ; No                         ; Yes                        ; 2.62 V                      ; 2.7e-08 V                   ; 2.71 V             ; -0.0354 V          ; 0.148 V                             ; 0.064 V                             ; 4.51e-10 s                 ; 4.14e-10 s                 ; No                        ; Yes                       ;
; C7[2]         ; 2.5 V        ; 0 s                 ; 0 s                 ; 2.62 V                       ; 2.7e-08 V                    ; 2.71 V              ; -0.0354 V           ; 0.148 V                              ; 0.064 V                              ; 4.51e-10 s                  ; 4.14e-10 s                  ; No                         ; Yes                        ; 2.62 V                      ; 2.7e-08 V                   ; 2.71 V             ; -0.0354 V          ; 0.148 V                             ; 0.064 V                             ; 4.51e-10 s                 ; 4.14e-10 s                 ; No                        ; Yes                       ;
; C7[1]         ; 2.5 V        ; 0 s                 ; 0 s                 ; 2.62 V                       ; 2.7e-08 V                    ; 2.71 V              ; -0.0354 V           ; 0.148 V                              ; 0.064 V                              ; 4.51e-10 s                  ; 4.14e-10 s                  ; No                         ; Yes                        ; 2.62 V                      ; 2.7e-08 V                   ; 2.71 V             ; -0.0354 V          ; 0.148 V                             ; 0.064 V                             ; 4.51e-10 s                 ; 4.14e-10 s                 ; No                        ; Yes                       ;
; C7[0]         ; 2.5 V        ; 0 s                 ; 0 s                 ; 2.62 V                       ; 2.7e-08 V                    ; 2.72 V              ; -0.0401 V           ; 0.163 V                              ; 0.091 V                              ; 2.71e-10 s                  ; 2.61e-10 s                  ; Yes                        ; Yes                        ; 2.62 V                      ; 2.7e-08 V                   ; 2.72 V             ; -0.0401 V          ; 0.163 V                             ; 0.091 V                             ; 2.71e-10 s                 ; 2.61e-10 s                 ; Yes                       ; Yes                       ;
; C8[3]         ; 2.5 V        ; 0 s                 ; 0 s                 ; 2.62 V                       ; 2.7e-08 V                    ; 2.71 V              ; -0.0354 V           ; 0.148 V                              ; 0.064 V                              ; 4.51e-10 s                  ; 4.14e-10 s                  ; No                         ; Yes                        ; 2.62 V                      ; 2.7e-08 V                   ; 2.71 V             ; -0.0354 V          ; 0.148 V                             ; 0.064 V                             ; 4.51e-10 s                 ; 4.14e-10 s                 ; No                        ; Yes                       ;
; C8[2]         ; 2.5 V        ; 0 s                 ; 0 s                 ; 2.62 V                       ; 2.7e-08 V                    ; 2.71 V              ; -0.0354 V           ; 0.148 V                              ; 0.064 V                              ; 4.51e-10 s                  ; 4.14e-10 s                  ; No                         ; Yes                        ; 2.62 V                      ; 2.7e-08 V                   ; 2.71 V             ; -0.0354 V          ; 0.148 V                             ; 0.064 V                             ; 4.51e-10 s                 ; 4.14e-10 s                 ; No                        ; Yes                       ;
; C8[1]         ; 2.5 V        ; 0 s                 ; 0 s                 ; 2.62 V                       ; 2.7e-08 V                    ; 2.71 V              ; -0.0354 V           ; 0.148 V                              ; 0.064 V                              ; 4.51e-10 s                  ; 4.14e-10 s                  ; No                         ; Yes                        ; 2.62 V                      ; 2.7e-08 V                   ; 2.71 V             ; -0.0354 V          ; 0.148 V                             ; 0.064 V                             ; 4.51e-10 s                 ; 4.14e-10 s                 ; No                        ; Yes                       ;
; C8[0]         ; 2.5 V        ; 0 s                 ; 0 s                 ; 2.62 V                       ; 2.7e-08 V                    ; 2.71 V              ; -0.0354 V           ; 0.148 V                              ; 0.064 V                              ; 4.51e-10 s                  ; 4.14e-10 s                  ; No                         ; Yes                        ; 2.62 V                      ; 2.7e-08 V                   ; 2.71 V             ; -0.0354 V          ; 0.148 V                             ; 0.064 V                             ; 4.51e-10 s                 ; 4.14e-10 s                 ; No                        ; Yes                       ;
; sda           ; 2.5 V        ; 0 s                 ; 0 s                 ; 2.62 V                       ; 2.7e-08 V                    ; 2.71 V              ; -0.0354 V           ; 0.148 V                              ; 0.064 V                              ; 4.51e-10 s                  ; 4.14e-10 s                  ; No                         ; Yes                        ; 2.62 V                      ; 2.7e-08 V                   ; 2.71 V             ; -0.0354 V          ; 0.148 V                             ; 0.064 V                             ; 4.51e-10 s                 ; 4.14e-10 s                 ; No                        ; Yes                       ;
; ~ALTERA_DCLK~ ; 2.5 V        ; 0 s                 ; 0 s                 ; 2.62 V                       ; 2.2e-08 V                    ; 2.74 V              ; -0.061 V            ; 0.159 V                              ; 0.078 V                              ; 2.7e-10 s                   ; 2.2e-10 s                   ; No                         ; Yes                        ; 2.62 V                      ; 2.2e-08 V                   ; 2.74 V             ; -0.061 V           ; 0.159 V                             ; 0.078 V                             ; 2.7e-10 s                  ; 2.2e-10 s                  ; No                        ; Yes                       ;
; ~ALTERA_nCEO~ ; 2.5 V        ; 0 s                 ; 0 s                 ; 2.62 V                       ; 3.52e-08 V                   ; 2.7 V               ; -0.0121 V           ; 0.274 V                              ; 0.034 V                              ; 3.18e-10 s                  ; 4.96e-10 s                  ; No                         ; Yes                        ; 2.62 V                      ; 3.52e-08 V                  ; 2.7 V              ; -0.0121 V          ; 0.274 V                             ; 0.034 V                             ; 3.18e-10 s                 ; 4.96e-10 s                 ; No                        ; Yes                       ;
+---------------+--------------+---------------------+---------------------+------------------------------+------------------------------+---------------------+---------------------+--------------------------------------+--------------------------------------+-----------------------------+-----------------------------+----------------------------+----------------------------+-----------------------------+-----------------------------+--------------------+--------------------+-------------------------------------+-------------------------------------+----------------------------+----------------------------+---------------------------+---------------------------+


+-------------------------------------------------------------------+
; Setup Transfers                                                   ;
+------------+----------+----------+----------+----------+----------+
; From Clock ; To Clock ; RR Paths ; FR Paths ; RF Paths ; FF Paths ;
+------------+----------+----------+----------+----------+----------+
; scl        ; scl      ; 67       ; 0        ; 0        ; 0        ;
+------------+----------+----------+----------+----------+----------+
Entries labeled "false path" only account for clock-to-clock false paths and not path-based false paths. As a result, actual path counts may be lower than reported.


+-------------------------------------------------------------------+
; Hold Transfers                                                    ;
+------------+----------+----------+----------+----------+----------+
; From Clock ; To Clock ; RR Paths ; FR Paths ; RF Paths ; FF Paths ;
+------------+----------+----------+----------+----------+----------+
; scl        ; scl      ; 67       ; 0        ; 0        ; 0        ;
+------------+----------+----------+----------+----------+----------+
Entries labeled "false path" only account for clock-to-clock false paths and not path-based false paths. As a result, actual path counts may be lower than reported.


+-------------------------------------------------------------------+
; Recovery Transfers                                                ;
+------------+----------+----------+----------+----------+----------+
; From Clock ; To Clock ; RR Paths ; FR Paths ; RF Paths ; FF Paths ;
+------------+----------+----------+----------+----------+----------+
; scl        ; scl      ; 9        ; 0        ; 0        ; 0        ;
+------------+----------+----------+----------+----------+----------+
Entries labeled "false path" only account for clock-to-clock false paths and not path-based false paths. As a result, actual path counts may be lower than reported.


+-------------------------------------------------------------------+
; Removal Transfers                                                 ;
+------------+----------+----------+----------+----------+----------+
; From Clock ; To Clock ; RR Paths ; FR Paths ; RF Paths ; FF Paths ;
+------------+----------+----------+----------+----------+----------+
; scl        ; scl      ; 9        ; 0        ; 0        ; 0        ;
+------------+----------+----------+----------+----------+----------+
Entries labeled "false path" only account for clock-to-clock false paths and not path-based false paths. As a result, actual path counts may be lower than reported.


---------------
; Report TCCS ;
---------------
No dedicated SERDES Transmitter circuitry present in device or used in design


---------------
; Report RSKM ;
---------------
No dedicated SERDES Receiver circuitry present in device or used in design


+------------------------------------------------+
; Unconstrained Paths                            ;
+---------------------------------+-------+------+
; Property                        ; Setup ; Hold ;
+---------------------------------+-------+------+
; Illegal Clocks                  ; 0     ; 0    ;
; Unconstrained Clocks            ; 0     ; 0    ;
; Unconstrained Input Ports       ; 9     ; 9    ;
; Unconstrained Input Port Paths  ; 45    ; 45   ;
; Unconstrained Output Ports      ; 30    ; 30   ;
; Unconstrained Output Port Paths ; 51    ; 51   ;
+---------------------------------+-------+------+


+------------------------------------+
; TimeQuest Timing Analyzer Messages ;
+------------------------------------+
Info: *******************************************************************
Info: Running Quartus II 64-Bit TimeQuest Timing Analyzer
    Info: Version 13.0.1 Build 232 06/12/2013 Service Pack 1 SJ Web Edition
    Info: Processing started: Fri Oct 31 19:08:59 2025
Info: Command: quartus_sta I2C -c I2C
Info: qsta_default_script.tcl version: #1
Warning (20028): Parallel compilation is not licensed and has been disabled
Info (21077): Core supply voltage is 1.2V
Info (21077): Low junction temperature is 0 degrees C
Info (21077): High junction temperature is 85 degrees C
Critical Warning (332012): Synopsys Design Constraints File file not found: 'I2C.sdc'. A Synopsys Design Constraints File is required by the TimeQuest Timing Analyzer to get proper timing constraints. Without it, the Compiler will not properly optimize the design.
Info (332142): No user constrained base clocks found in the design. Calling "derive_clocks -period 1.0"
Info (332105): Deriving Clocks
    Info (332105): create_clock -period 1.000 -name scl scl
Info (332143): No user constrained clock uncertainty found in the design. Calling "derive_clock_uncertainty"
Info (332123): Deriving Clock Uncertainty. Please refer to report_sdc in TimeQuest to see clock uncertainties.
Info: Found TIMEQUEST_REPORT_SCRIPT_INCLUDE_DEFAULT_ANALYSIS = ON
Info: Analyzing Slow 1200mV 85C Model
Critical Warning (332148): Timing requirements not met
    Info (11105): For recommendations on closing timing, run Report Timing Closure Recommendations in the TimeQuest Timing Analyzer.
Info (332146): Worst-case setup slack is -2.578
    Info (332119):     Slack End Point TNS Clock 
    Info (332119): ========= ============= =====================
    Info (332119):    -2.578       -12.218 scl 
Info (332146): Worst-case hold slack is 0.402
    Info (332119):     Slack End Point TNS Clock 
    Info (332119): ========= ============= =====================
    Info (332119):     0.402         0.000 scl 
Info (332146): Worst-case recovery slack is 0.323
    Info (332119):     Slack End Point TNS Clock 
    Info (332119): ========= ============= =====================
    Info (332119):     0.323         0.000 scl 
Info (332146): Worst-case removal slack is -0.285
    Info (332119):     Slack End Point TNS Clock 
    Info (332119): ========= ============= =====================
    Info (332119):    -0.285        -1.140 scl 
Info (332146): Worst-case minimum pulse width slack is -3.000
    Info (332119):     Slack End Point TNS Clock 
    Info (332119): ========= ============= =====================
    Info (332119):    -3.000       -40.265 scl 
Info: Analyzing Slow 1200mV 0C Model
Info (334003): Started post-fitting delay annotation
Info (334004): Delay annotation completed successfully
Info (332123): Deriving Clock Uncertainty. Please refer to report_sdc in TimeQuest to see clock uncertainties.
Critical Warning (332148): Timing requirements not met
    Info (11105): For recommendations on closing timing, run Report Timing Closure Recommendations in the TimeQuest Timing Analyzer.
Info (332146): Worst-case setup slack is -2.222
    Info (332119):     Slack End Point TNS Clock 
    Info (332119): ========= ============= =====================
    Info (332119):    -2.222        -9.401 scl 
Info (332146): Worst-case hold slack is 0.352
    Info (332119):     Slack End Point TNS Clock 
    Info (332119): ========= ============= =====================
    Info (332119):     0.352         0.000 scl 
Info (332146): Worst-case recovery slack is 0.333
    Info (332119):     Slack End Point TNS Clock 
    Info (332119): ========= ============= =====================
    Info (332119):     0.333         0.000 scl 
Info (332146): Worst-case removal slack is -0.229
    Info (332119):     Slack End Point TNS Clock 
    Info (332119): ========= ============= =====================
    Info (332119):    -0.229        -0.916 scl 
Info (332146): Worst-case minimum pulse width slack is -3.000
    Info (332119):     Slack End Point TNS Clock 
    Info (332119): ========= ============= =====================
    Info (332119):    -3.000       -40.265 scl 
Info: Analyzing Fast 1200mV 0C Model
Info (332123): Deriving Clock Uncertainty. Please refer to report_sdc in TimeQuest to see clock uncertainties.
Critical Warning (332148): Timing requirements not met
    Info (11105): For recommendations on closing timing, run Report Timing Closure Recommendations in the TimeQuest Timing Analyzer.
Info (332146): Worst-case setup slack is -0.811
    Info (332119):     Slack End Point TNS Clock 
    Info (332119): ========= ============= =====================
    Info (332119):    -0.811        -2.623 scl 
Info (332146): Worst-case hold slack is 0.155
    Info (332119):     Slack End Point TNS Clock 
    Info (332119): ========= ============= =====================
    Info (332119):     0.155         0.000 scl 
Info (332146): Worst-case recovery slack is 0.764
    Info (332119):     Slack End Point TNS Clock 
    Info (332119): ========= ============= =====================
    Info (332119):     0.764         0.000 scl 
Info (332146): Worst-case removal slack is -0.239
    Info (332119):     Slack End Point TNS Clock 
    Info (332119): ========= ============= =====================
    Info (332119):    -0.239        -1.131 scl 
Info (332146): Worst-case minimum pulse width slack is -3.000
    Info (332119):     Slack End Point TNS Clock 
    Info (332119): ========= ============= =====================
    Info (332119):    -3.000       -34.014 scl 
Info (332102): Design is not fully constrained for setup requirements
Info (332102): Design is not fully constrained for hold requirements
Info: Quartus II 64-Bit TimeQuest Timing Analyzer was successful. 0 errors, 5 warnings
    Info: Peak virtual memory: 4635 megabytes
    Info: Processing ended: Fri Oct 31 19:09:04 2025
    Info: Elapsed time: 00:00:05
    Info: Total CPU time (on all processors): 00:00:04


